drug,reaction,report_count,ROR,CI_lower,CI_upper,drug_reaction
SOBRIL,GALACTORRHOEA,3,29985.0,1501.83,598670.22,SOBRIL + GALACTORRHOEA
SOBRIL,BREAST ENLARGEMENT,3,29985.0,1501.83,598670.22,SOBRIL + BREAST ENLARGEMENT
STRATTERA,BIPOLAR I DISORDER,3,29985.0,1501.83,598670.22,STRATTERA + BIPOLAR I DISORDER
LITHIONIT,GALACTORRHOEA,3,29985.0,1501.83,598670.22,LITHIONIT + GALACTORRHOEA
CYCLIZINE,CAPILLARY LEAK SYNDROME,3,29985.0,1501.83,598670.22,CYCLIZINE + CAPILLARY LEAK SYNDROME
LITHIONIT,BREAST ENLARGEMENT,3,29985.0,1501.83,598670.22,LITHIONIT + BREAST ENLARGEMENT
IMATINIB,CHRONIC MYELOID LEUKAEMIA,5,24980.0,1939.58,321718.86,IMATINIB + CHRONIC MYELOID LEUKAEMIA
LITHIONIT,BLOOD PROLACTIN INCREASED,3,14991.0,1054.98,213017.64,LITHIONIT + BLOOD PROLACTIN INCREASED
SOBRIL,BLOOD PROLACTIN INCREASED,3,14991.0,1054.98,213017.64,SOBRIL + BLOOD PROLACTIN INCREASED
IMATINIB,CHRONIC GRAFT VERSUS HOST DISEASE,5,12487.5,1178.8,132285.46,IMATINIB + CHRONIC GRAFT VERSUS HOST DISEASE
APREPITANT,CAPILLARY LEAK SYNDROME,3,9993.0,795.69,125500.52,APREPITANT + CAPILLARY LEAK SYNDROME
PROPECIA,SEXUAL DYSFUNCTION,4,9992.0,1116.67,89408.8,PROPECIA + SEXUAL DYSFUNCTION
PROPECIA,ERECTILE DYSFUNCTION,4,9992.0,1116.67,89408.8,PROPECIA + ERECTILE DYSFUNCTION
LIPITOR,TYPE 2 DIABETES MELLITUS,477,7562.94,3300.53,17329.94,LIPITOR + TYPE 2 DIABETES MELLITUS
CIRCADIN,MAJOR DEPRESSION,3,7494.0,636.19,88275.26,CIRCADIN + MAJOR DEPRESSION
STRATTERA,MAJOR DEPRESSION,3,7494.0,636.19,88275.26,STRATTERA + MAJOR DEPRESSION
SUCCINYLCHOLINE,HYPERTHERMIA MALIGNANT,140,5540.24,1356.57,22626.37,SUCCINYLCHOLINE + HYPERTHERMIA MALIGNANT
LETROZOLE (UNKNOWN),BREAST CANCER,77,5520.57,2186.78,13936.79,LETROZOLE (UNKNOWN) + BREAST CANCER
HUMAN CHORIONIC GONADOTROPHIN,ABORTION,3,4995.0,452.87,55092.71,HUMAN CHORIONIC GONADOTROPHIN + ABORTION
PLAN B ONE-STEP,MENSTRUATION IRREGULAR,16,4431.56,1237.29,15872.31,PLAN B ONE-STEP + MENSTRUATION IRREGULAR
SOBRIL,AMENORRHOEA,3,4281.0,395.63,46323.04,SOBRIL + AMENORRHOEA
STRATTERA,SEDATION,3,4281.0,395.63,46323.04,STRATTERA + SEDATION
LITHIONIT,AMENORRHOEA,3,4281.0,395.63,46323.04,LITHIONIT + AMENORRHOEA
ALBENDAZOLE,CONJUNCTIVAL HAEMORRHAGE,3,3330.33,469.06,23645.44,ALBENDAZOLE + CONJUNCTIVAL HAEMORRHAGE
DRONEDARONE,DRUG INTERACTION,50,3247.37,776.13,13587.19,DRONEDARONE + DRUG INTERACTION
DOMPERIDONE,BLOOD PRESSURE SYSTOLIC INCREASED,8,3194.24,771.87,13218.79,DOMPERIDONE + BLOOD PRESSURE SYSTOLIC INCREASED
CLARITIN CHEWABLE TABLETS,OVERDOSE,93,3116.45,1303.05,7453.49,CLARITIN CHEWABLE TABLETS + OVERDOSE
BYETTA,THYROID CANCER,3,2995.8,286.67,31307.03,BYETTA + THYROID CANCER
BYETTA,PANCREATIC CARCINOMA,9,2806.59,715.54,11008.38,BYETTA + PANCREATIC CARCINOMA
CLOZARIL,NEUTROPHIL COUNT INCREASED,7,2583.52,307.29,21720.41,CLOZARIL + NEUTROPHIL COUNT INCREASED
ARA-C,ACUTE GRAFT VERSUS HOST DISEASE,3,2497.25,351.72,17730.53,ARA-C + ACUTE GRAFT VERSUS HOST DISEASE
QUETIAPINE,GALACTORRHOEA,3,2496.0,242.14,25729.51,QUETIAPINE + GALACTORRHOEA
QUETIAPINE,BIPOLAR I DISORDER,3,2496.0,242.14,25729.51,QUETIAPINE + BIPOLAR I DISORDER
CICLOSPORIN,CHRONIC MYELOID LEUKAEMIA,5,2495.75,432.32,14407.9,CICLOSPORIN + CHRONIC MYELOID LEUKAEMIA
HOLOXAN,DISEASE PROGRESSION,14,2355.32,304.77,18202.32,HOLOXAN + DISEASE PROGRESSION
TAMOXIFEN (UNKNOWN),BREAST CANCER,32,2328.94,547.2,9912.22,TAMOXIFEN (UNKNOWN) + BREAST CANCER
PRAMIPEXOLE,BLOOD PRESSURE SYSTOLIC INCREASED,8,2281.14,596.84,8718.63,PRAMIPEXOLE + BLOOD PRESSURE SYSTOLIC INCREASED
LITHIONIT,DYSKINESIA,3,2139.0,209.55,21833.93,LITHIONIT + DYSKINESIA
SOBRIL,DYSKINESIA,3,2139.0,209.55,21833.93,SOBRIL + DYSKINESIA
CALCICHEW D3,HYPOMAGNESAEMIA,4,1997.4,387.47,10296.64,CALCICHEW D3 + HYPOMAGNESAEMIA
ALENDRONIC ACID,OSTEONECROSIS,3,1996.2,196.33,20296.16,ALENDRONIC ACID + OSTEONECROSIS
SOBRIL,AGGRESSION,3,1871.25,184.68,18960.15,SOBRIL + AGGRESSION
LITHIONIT,AGGRESSION,3,1871.25,184.68,18960.15,LITHIONIT + AGGRESSION
PERJETA,FEBRILE NEUTROPENIA,4,1734.26,186.63,16115.78,PERJETA + FEBRILE NEUTROPENIA
IMATINIB,ACUTE GRAFT VERSUS HOST DISEASE,3,1664.67,278.12,9963.81,IMATINIB + ACUTE GRAFT VERSUS HOST DISEASE
FOLLITROPIN ALFA,ABORTION,3,1664.67,278.12,9963.81,FOLLITROPIN ALFA + ABORTION
SOBRIL,DYSURIA,3,1663.0,165.08,16753.19,SOBRIL + DYSURIA
LITHIONIT,DYSURIA,3,1663.0,165.08,16753.19,LITHIONIT + DYSURIA
LETROZOLE (UNKNOWN),NEOPLASM PROGRESSION,33,1635.64,558.66,4788.88,LETROZOLE (UNKNOWN) + NEOPLASM PROGRESSION
OXYTROL FOR WOMEN,PRODUCT ADHESION ISSUE,16,1630.68,214.12,12418.57,OXYTROL FOR WOMEN + PRODUCT ADHESION ISSUE
CISPLATIN,HAEMATOTOXICITY,4,1595.2,172.18,14779.15,CISPLATIN + HAEMATOTOXICITY
OXYCODONE HCL,DRUG DIVERSION,5,1558.91,281.5,8633.01,OXYCODONE HCL + DRUG DIVERSION
PREVISCAN,INTERNATIONAL NORMALISED RATIO INCREASED,3,1497.75,225.45,9950.33,PREVISCAN + INTERNATIONAL NORMALISED RATIO INCREASED
AUBAGIO,SKIN BURNING SENSATION,3,1496.4,149.23,15005.3,AUBAGIO + SKIN BURNING SENSATION
RISPERIDONE,BIPOLAR I DISORDER,3,1496.4,149.23,15005.3,RISPERIDONE + BIPOLAR I DISORDER
CYCLIZINE,RASH GENERALISED,3,1496.4,149.23,15005.3,CYCLIZINE + RASH GENERALISED
RIBAVIRIN.,HEPATITIS C,3,1426.71,244.58,8322.52,RIBAVIRIN. + HEPATITIS C
METFORMIN HYDROCHLORIDE.,MATERNAL EXPOSURE DURING PREGNANCY,8,1423.14,289.26,7001.76,METFORMIN HYDROCHLORIDE. + MATERNAL EXPOSURE DURING PREGNANCY
METFORMIN HYDROCHLORIDE.,ABORTION,4,1331.33,285.62,6205.63,METFORMIN HYDROCHLORIDE. + ABORTION
AMIODARONE,PULMONARY TOXICITY,3,1300.83,130.43,12973.39,AMIODARONE + PULMONARY TOXICITY
PRINIVIL,RECTAL HAEMORRHAGE,3,1300.83,130.43,12973.39,PRINIVIL + RECTAL HAEMORRHAGE
AZACITIDINE,ACUTE GRAFT VERSUS HOST DISEASE,3,1248.38,228.62,6816.63,AZACITIDINE + ACUTE GRAFT VERSUS HOST DISEASE
DONEPEZIL,INCONTINENCE,3,1248.38,228.62,6816.63,DONEPEZIL + INCONTINENCE
SUBOXONE FILM,INTENTIONAL UNDERDOSE,3,1248.38,228.62,6816.63,SUBOXONE FILM + INTENTIONAL UNDERDOSE
CICLOSPORIN,CHRONIC GRAFT VERSUS HOST DISEASE,5,1247.62,291.57,5338.52,CICLOSPORIN + CHRONIC GRAFT VERSUS HOST DISEASE
SOLIRIS,BONE MARROW TRANSPLANT,4,1245.38,135.44,11451.18,SOLIRIS + BONE MARROW TRANSPLANT
FLUDARABINE,GRAFT VERSUS HOST DISEASE,4,1209.94,241.97,6050.19,FLUDARABINE + GRAFT VERSUS HOST DISEASE
STRATTERA,AGITATION,3,1196.52,120.32,11898.49,STRATTERA + AGITATION
LITHIONIT,AGITATION,3,1196.52,120.32,11898.49,LITHIONIT + AGITATION
FENTANYL,PULMONARY CONGESTION,3,1196.52,120.32,11898.49,FENTANYL + PULMONARY CONGESTION
SOBRIL,AGITATION,3,1196.52,120.32,11898.49,SOBRIL + AGITATION
CIRCADIN,AGITATION,3,1196.52,120.32,11898.49,CIRCADIN + AGITATION
UROMITEXAN,DISEASE PROGRESSION,14,1177.54,261.81,5296.21,UROMITEXAN + DISEASE PROGRESSION
ONDANSETRON,CAPILLARY LEAK SYNDROME,3,1150.38,115.83,11425.0,ONDANSETRON + CAPILLARY LEAK SYNDROME
CISPLATIN,CAPILLARY LEAK SYNDROME,3,1150.38,115.83,11425.0,CISPLATIN + CAPILLARY LEAK SYNDROME
EXEMESTANE,ONYCHOCLASIS,3,1109.44,196.95,6249.67,EXEMESTANE + ONYCHOCLASIS
EPOGEN,NEPHROGENIC SYSTEMIC FIBROSIS,5,1083.7,199.94,5873.82,EPOGEN + NEPHROGENIC SYSTEMIC FIBROSIS
STERILE WATER FOR INJECTION,RENAL FAILURE ACUTE,5,1036.04,118.8,9035.19,STERILE WATER FOR INJECTION + RENAL FAILURE ACUTE
EXEMESTANE,MOUTH ULCERATION,5,1018.47,259.8,3992.54,EXEMESTANE + MOUTH ULCERATION
EVEROLIMUS,ONYCHOCLASIS,3,998.4,179.45,5554.88,EVEROLIMUS + ONYCHOCLASIS
CHLORTALIDONE,ELECTROCARDIOGRAM QT PROLONGED,3,998.0,155.44,6407.83,CHLORTALIDONE + ELECTROCARDIOGRAM QT PROLONGED
CARBAMAZEPINE,MATERNAL DRUGS AFFECTING FOETUS,7,969.79,283.85,3313.41,CARBAMAZEPINE + MATERNAL DRUGS AFFECTING FOETUS
BUSULFAN,GRAFT VERSUS HOST DISEASE,3,936.09,179.83,4872.77,BUSULFAN + GRAFT VERSUS HOST DISEASE
CYCLOPHOSPHAMIDE,LEUKAEMIA RECURRENT,4,925.77,101.38,8453.6,CYCLOPHOSPHAMIDE + LEUKAEMIA RECURRENT
MIRALAX,PRODUCT SOLUBILITY ABNORMAL,3,905.73,91.82,8933.91,MIRALAX + PRODUCT SOLUBILITY ABNORMAL
SOLIRIS,APLASTIC ANAEMIA,3,905.73,91.82,8933.91,SOLIRIS + APLASTIC ANAEMIA
EVEROLIMUS,MOUTH ULCERATION,5,891.07,233.14,3405.71,EVEROLIMUS + MOUTH ULCERATION
TAMOXIFEN CITRATE (UNKNOWN),NEOPLASM PROGRESSION,3,879.0,89.18,8663.79,TAMOXIFEN CITRATE (UNKNOWN) + NEOPLASM PROGRESSION
OCELLA,PULMONARY EMBOLISM,5,871.67,100.24,7579.53,OCELLA + PULMONARY EMBOLISM
CYCLOPHOSPHAMIDE,ACUTE GRAFT VERSUS HOST DISEASE,7,870.71,175.46,4320.79,CYCLOPHOSPHAMIDE + ACUTE GRAFT VERSUS HOST DISEASE
KADCYLA,FEBRILE NEUTROPENIA,4,867.04,151.27,4969.71,KADCYLA + FEBRILE NEUTROPENIA
ATRIPLA,RENAL IMPAIRMENT,3,831.42,130.99,5277.15,ATRIPLA + RENAL IMPAIRMENT
PICATO GEL,APPLICATION SITE EXFOLIATION,6,831.42,239.62,2884.76,PICATO GEL + APPLICATION SITE EXFOLIATION
SPIRIVA,INCORRECT ROUTE OF DRUG ADMINISTRATION,25,824.67,280.15,2427.56,SPIRIVA + INCORRECT ROUTE OF DRUG ADMINISTRATION
METHOTREXATE,ACUTE GRAFT VERSUS HOST DISEASE,8,816.0,101.08,6587.34,METHOTREXATE + ACUTE GRAFT VERSUS HOST DISEASE
VICTOZA,PANCREATIC CARCINOMA,8,805.82,262.66,2472.21,VICTOZA + PANCREATIC CARCINOMA
CARBOPLATIN,SECOND PRIMARY MALIGNANCY,3,787.58,124.46,4983.72,CARBOPLATIN + SECOND PRIMARY MALIGNANCY
CYCLIZINE,SWELLING FACE,3,765.92,77.95,7525.39,CYCLIZINE + SWELLING FACE
CICLOSPORIN,ACUTE GRAFT VERSUS HOST DISEASE,4,725.82,171.68,3068.5,CICLOSPORIN + ACUTE GRAFT VERSUS HOST DISEASE
FLUDARABINE,ACUTE GRAFT VERSUS HOST DISEASE,4,725.82,171.68,3068.5,FLUDARABINE + ACUTE GRAFT VERSUS HOST DISEASE
ATORVASTATIN CALCIUM.,TYPE 2 DIABETES MELLITUS,33,697.84,95.23,5113.87,ATORVASTATIN CALCIUM. + TYPE 2 DIABETES MELLITUS
XGEVA,OSTEONECROSIS OF JAW,5,692.57,171.86,2791.0,XGEVA + OSTEONECROSIS OF JAW
AROMASIN,NEOPLASM PROGRESSION,6,642.58,153.76,2685.35,AROMASIN + NEOPLASM PROGRESSION
XOLAIR,ASTHMA,5,623.19,155.83,2492.19,XOLAIR + ASTHMA
PICATO,APPLICATION SITE SWELLING,8,612.98,188.02,1998.48,PICATO + APPLICATION SITE SWELLING
VINORELBINE (UNKNOWN),MALIGNANT NEOPLASM PROGRESSION,4,601.76,66.37,5456.32,VINORELBINE (UNKNOWN) + MALIGNANT NEOPLASM PROGRESSION
MIRENA,GENITAL HAEMORRHAGE,7,599.41,121.92,2946.84,MIRENA + GENITAL HAEMORRHAGE
CLARITHROMYCIN,TRANSAMINASES INCREASED,3,598.92,125.86,2849.97,CLARITHROMYCIN + TRANSAMINASES INCREASED
ATRIPLA,LETHARGY,3,598.2,95.79,3735.72,ATRIPLA + LETHARGY
TRIFLUCAN,RENAL FAILURE ACUTE,3,596.76,61.03,5835.55,TRIFLUCAN + RENAL FAILURE ACUTE
VOLTAREN GEL,DRUG ADMINISTERED AT INAPPROPRIATE SITE,4,577.97,122.44,2728.23,VOLTAREN GEL + DRUG ADMINISTERED AT INAPPROPRIATE SITE
DABIGATRAN,DRUG INTERACTION,51,558.85,286.36,1090.63,DABIGATRAN + DRUG INTERACTION
EXEMESTANE,BODY TEMPERATURE INCREASED,3,554.56,119.8,2567.0,EXEMESTANE + BODY TEMPERATURE INCREASED
HUMALOG LISPRO,BLOOD GLUCOSE INCREASED,5,553.44,126.54,2420.49,HUMALOG LISPRO + BLOOD GLUCOSE INCREASED
DEXAMETHASONE,CAPILLARY LEAK SYNDROME,3,552.33,56.55,5394.38,DEXAMETHASONE + CAPILLARY LEAK SYNDROME
LITHIONIT,HYPERHIDROSIS,3,532.5,54.55,5197.77,LITHIONIT + HYPERHIDROSIS
SOBRIL,HYPERHIDROSIS,3,532.5,54.55,5197.77,SOBRIL + HYPERHIDROSIS
MIRENA,PREGNANCY WITH CONTRACEPTIVE DEVICE,9,532.07,140.33,2017.43,MIRENA + PREGNANCY WITH CONTRACEPTIVE DEVICE
PARAGARD 380A,DEVICE EXPULSION,17,529.88,228.42,1229.19,PARAGARD 380A + DEVICE EXPULSION
PICATO,APPLICATION SITE VESICLES,9,512.18,176.94,1482.58,PICATO + APPLICATION SITE VESICLES
DONEPEZIL,HYPOKINESIA,3,499.05,109.33,2277.98,DONEPEZIL + HYPOKINESIA
EVEROLIMUS,BODY TEMPERATURE INCREASED,3,499.05,109.33,2277.98,EVEROLIMUS + BODY TEMPERATURE INCREASED
APREPITANT,RASH GENERALISED,3,498.7,94.88,2621.18,APREPITANT + RASH GENERALISED
"PICATO (INGENOL MEBUTATE) (0.015 %, GEL)",APPLICATION SITE PAIN,3,498.7,94.88,2621.18,"PICATO (INGENOL MEBUTATE) (0.015 %, GEL) + APPLICATION SITE PAIN"
CHAMPIX,HAEMATURIA,5,498.5,133.84,1856.7,CHAMPIX + HAEMATURIA
PARACETAMOL,PULMONARY HAEMORRHAGE,4,495.75,54.8,4484.74,PARACETAMOL + PULMONARY HAEMORRHAGE
SOBRIL,PALPITATIONS,3,480.68,49.32,4685.1,SOBRIL + PALPITATIONS
LITHIONIT,PALPITATIONS,3,480.68,49.32,4685.1,LITHIONIT + PALPITATIONS
MIRENA,ECTOPIC PREGNANCY WITH CONTRACEPTIVE DEVICE,3,480.68,49.32,4685.1,MIRENA + ECTOPIC PREGNANCY WITH CONTRACEPTIVE DEVICE
FASLODEX /01285001/,NEOPLASM PROGRESSION,3,439.46,71.16,2713.98,FASLODEX /01285001/ + NEOPLASM PROGRESSION
PLAVIX,SOCIAL PROBLEM,3,431.61,44.34,4201.03,PLAVIX + SOCIAL PROBLEM
PLAVIX,PHYSICAL DISABILITY,3,431.61,44.34,4201.03,PLAVIX + PHYSICAL DISABILITY
PLAVIX,PSYCHOLOGICAL TRAUMA,3,431.61,44.34,4201.03,PLAVIX + PSYCHOLOGICAL TRAUMA
LETROZOLE (UNKNOWN),MALIGNANT NEOPLASM PROGRESSION,44,429.2,240.81,764.94,LETROZOLE (UNKNOWN) + MALIGNANT NEOPLASM PROGRESSION
YASMIN,DEEP VEIN THROMBOSIS,16,420.87,187.1,946.7,YASMIN + DEEP VEIN THROMBOSIS
SOBRIL,MUSCULAR WEAKNESS,3,419.37,43.1,4080.46,SOBRIL + MUSCULAR WEAKNESS
LITHIONIT,MUSCULAR WEAKNESS,3,419.37,43.1,4080.46,LITHIONIT + MUSCULAR WEAKNESS
PICATO GEL,APPLICATION SITE DRYNESS,3,415.79,93.04,1858.06,PICATO GEL + APPLICATION SITE DRYNESS
"PICATO (INGENOL MEBUTATE) (0.015 %, GEL)",DRUG ADMINISTERED AT INAPPROPRIATE SITE,3,415.42,79.8,2162.42,"PICATO (INGENOL MEBUTATE) (0.015 %, GEL) + DRUG ADMINISTERED AT INAPPROPRIATE SITE"
VINORELBINE (UNKNOWN),BREAST CANCER,4,412.46,45.68,3724.48,VINORELBINE (UNKNOWN) + BREAST CANCER
PARAGARD 380A,EMBEDDED DEVICE,5,404.51,93.58,1748.58,PARAGARD 380A + EMBEDDED DEVICE
LITHIONIT,TREMOR,3,402.24,41.36,3911.97,LITHIONIT + TREMOR
SOBRIL,SWELLING,3,402.24,41.36,3911.97,SOBRIL + SWELLING
SOBRIL,TREMOR,3,402.24,41.36,3911.97,SOBRIL + TREMOR
LITHIONIT,SWELLING,3,402.24,41.36,3911.97,LITHIONIT + SWELLING
PROGRAF,ACUTE GRAFT VERSUS HOST DISEASE,4,398.84,99.73,1595.0,PROGRAF + ACUTE GRAFT VERSUS HOST DISEASE
FENTANYL,CARDIOMEGALY,3,398.76,76.75,2071.69,FENTANYL + CARDIOMEGALY
MULTIHANCE,NEPHROGENIC SYSTEMIC FIBROSIS,3,398.76,76.75,2071.69,MULTIHANCE + NEPHROGENIC SYSTEMIC FIBROSIS
PICATO,APPLICATION SITE PAIN,11,396.72,158.93,990.27,PICATO + APPLICATION SITE PAIN
PICATO GEL,APPLICATION SITE PAIN,6,390.9,125.35,1218.98,PICATO GEL + APPLICATION SITE PAIN
TECFIDERA,PRESCRIBED UNDERDOSE,8,378.13,47.08,3037.15,TECFIDERA + PRESCRIBED UNDERDOSE
ISOSORBIDE,TRANSAMINASES INCREASED,3,374.21,86.5,1618.9,ISOSORBIDE + TRANSAMINASES INCREASED
COPEGUS,PANCYTOPENIA,9,373.39,139.35,1000.49,COPEGUS + PANCYTOPENIA
NEXPLANON,DEVICE DEPLOYMENT ISSUE,3,369.15,71.3,1911.23,NEXPLANON + DEVICE DEPLOYMENT ISSUE
PICATO,APPLICATION SITE EXFOLIATION,7,368.85,121.11,1123.35,PICATO + APPLICATION SITE EXFOLIATION
CETIRIZINE 10 MG,EXTRA DOSE ADMINISTERED,13,368.11,148.73,911.06,CETIRIZINE 10 MG + EXTRA DOSE ADMINISTERED
OXYTROL FOR WOMEN,APPLICATION SITE BURN,4,362.79,40.22,3272.41,OXYTROL FOR WOMEN + APPLICATION SITE BURN
QUETIAPINE,SEDATION,3,356.36,82.24,1544.06,QUETIAPINE + SEDATION
NEULASTA,HOSPITALISATION,22,353.96,163.9,764.45,NEULASTA + HOSPITALISATION
METHOTREXATE,CHRONIC GRAFT VERSUS HOST DISEASE,7,353.32,72.48,1722.31,METHOTREXATE + CHRONIC GRAFT VERSUS HOST DISEASE
RISPERIDONE,SEDATION,4,349.86,91.35,1339.94,RISPERIDONE + SEDATION
MORPHINE SULFATE.,DRUG HYPERSENSITIVITY,4,346.7,38.45,3126.21,MORPHINE SULFATE. + DRUG HYPERSENSITIVITY
METFORMIN,CONTINUOUS HAEMODIAFILTRATION,4,334.81,37.14,3018.23,METFORMIN + CONTINUOUS HAEMODIAFILTRATION
DOMPERIDONE,HEART RATE INCREASED,8,331.3,104.61,1049.24,DOMPERIDONE + HEART RATE INCREASED
MIRENA,DYSPAREUNIA,4,325.67,58.55,1811.42,MIRENA + DYSPAREUNIA
WARFARIN,PULMONARY TOXICITY,3,322.96,33.28,3133.87,WARFARIN + PULMONARY TOXICITY
YAZ,PULMONARY EMBOLISM,27,318.66,167.65,605.71,YAZ + PULMONARY EMBOLISM
DOCETAXEL (UNKNOWN),BREAST CANCER,6,315.89,62.94,1585.38,DOCETAXEL (UNKNOWN) + BREAST CANCER
SOBRIL,MUSCLE SPASMS,3,312.66,32.23,3033.1,SOBRIL + MUSCLE SPASMS
LITHIONIT,MUSCLE SPASMS,3,312.66,32.23,3033.1,LITHIONIT + MUSCLE SPASMS
REMODULIN,INFUSION SITE PAIN,3,312.66,32.23,3033.1,REMODULIN + INFUSION SITE PAIN
CYCLOPHOSPHAMIDE,CHRONIC MYELOID LEUKAEMIA,4,308.53,67.03,1420.07,CYCLOPHOSPHAMIDE + CHRONIC MYELOID LEUKAEMIA
CYCLOPHOSPHAMIDE,GRAFT VERSUS HOST DISEASE,4,308.53,67.03,1420.07,CYCLOPHOSPHAMIDE + GRAFT VERSUS HOST DISEASE
TAMOXIFEN CITRATE (UNKNOWN),BREAST CANCER,3,306.15,31.57,2969.42,TAMOXIFEN CITRATE (UNKNOWN) + BREAST CANCER
DRONEDARONE,SHOCK HAEMORRHAGIC,3,304.47,49.77,1862.51,DRONEDARONE + SHOCK HAEMORRHAGIC
STRATTERA,SOMNOLENCE,3,303.0,31.24,2938.56,STRATTERA + SOMNOLENCE
CIRCADIN,SOMNOLENCE,3,303.0,31.24,2938.56,CIRCADIN + SOMNOLENCE
DOCETAXEL (UNKNOWN),NEOPLASM PROGRESSION,4,301.79,72.41,1257.86,DOCETAXEL (UNKNOWN) + NEOPLASM PROGRESSION
VICTRELIS,PANCYTOPENIA,7,297.89,103.2,859.89,VICTRELIS + PANCYTOPENIA
EPLERENONE,DEPRESSION,3,296.88,30.62,2878.71,EPLERENONE + DEPRESSION
STRATTERA,DEPRESSION,3,296.88,30.62,2878.71,STRATTERA + DEPRESSION
CIRCADIN,DEPRESSION,3,296.88,30.62,2878.71,CIRCADIN + DEPRESSION
SUBOXONE FILM,WRONG TECHNIQUE IN DRUG USAGE PROCESS,4,294.76,64.12,1354.92,SUBOXONE FILM + WRONG TECHNIQUE IN DRUG USAGE PROCESS
METFORMIN HYDROCHLORIDE.,OFF LABEL USE,8,294.21,61.89,1398.5,METFORMIN HYDROCHLORIDE. + OFF LABEL USE
PLAVIX,MULTIPLE INJURIES,4,291.94,52.59,1620.74,PLAVIX + MULTIPLE INJURIES
AVANDIA,CORONARY ARTERY DISEASE,4,284.91,79.81,1017.11,AVANDIA + CORONARY ARTERY DISEASE
FOSAMAX,FEMUR FRACTURE,4,284.83,77.28,1049.81,FOSAMAX + FEMUR FRACTURE
DIPHENHYDRAMINE,COMPLETED SUICIDE,4,284.66,72.61,1115.9,DIPHENHYDRAMINE + COMPLETED SUICIDE
IMPLANON,MEDICAL DEVICE COMPLICATION,4,278.94,78.56,990.37,IMPLANON + MEDICAL DEVICE COMPLICATION
YAZ,DEEP VEIN THROMBOSIS,20,278.43,138.92,558.05,YAZ + DEEP VEIN THROMBOSIS
LAMOTRIGINE,MATERNAL DRUGS AFFECTING FOETUS,4,276.97,77.33,992.02,LAMOTRIGINE + MATERNAL DRUGS AFFECTING FOETUS
TYVASO,LARYNGEAL PAIN,5,274.16,31.87,2358.72,TYVASO + LARYNGEAL PAIN
POMALYST,PLASMA CELL MYELOMA,3,272.07,65.81,1124.77,POMALYST + PLASMA CELL MYELOMA
CEFTRIAXONE,MATERNAL EXPOSURE DURING PREGNANCY,5,267.69,77.61,923.27,CEFTRIAXONE + MATERNAL EXPOSURE DURING PREGNANCY
OXYTROL FOR WOMEN,APPLICATION SITE PRURITUS,11,266.45,83.45,850.73,OXYTROL FOR WOMEN + APPLICATION SITE PRURITUS
PICATO,APPLICATION SITE DRYNESS,4,265.63,67.99,1037.81,PICATO + APPLICATION SITE DRYNESS
DIANEAL LOW CALCIUM,ULTRAFILTRATION FAILURE,5,265.11,30.82,2280.46,DIANEAL LOW CALCIUM + ULTRAFILTRATION FAILURE
DONEPEZIL,ABASIA,3,262.42,61.12,1126.79,DONEPEZIL + ABASIA
CARBOPLATIN,ACUTE MYELOID LEUKAEMIA,3,262.42,61.12,1126.79,CARBOPLATIN + ACUTE MYELOID LEUKAEMIA
HUMIRA,INTESTINAL STENOSIS,3,260.05,26.85,2518.99,HUMIRA + INTESTINAL STENOSIS
CECLOR,DRUG HYPERSENSITIVITY,3,257.77,26.61,2496.68,CECLOR + DRUG HYPERSENSITIVITY
NEXPLANON,DEVICE DIFFICULT TO USE,4,255.49,68.08,958.72,NEXPLANON + DEVICE DIFFICULT TO USE
APREPITANT,SWELLING FACE,3,255.26,49.97,1304.02,APREPITANT + SWELLING FACE
ENBREL,INJECTION SITE SWELLING,4,251.01,45.32,1390.32,ENBREL + INJECTION SITE SWELLING
BENDROFLUMETHIAZIDE,WITHDRAWAL SYNDROME,3,249.38,60.95,1020.38,BENDROFLUMETHIAZIDE + WITHDRAWAL SYNDROME
BENDROFLUMETHIAZIDE,TRANSAMINASES INCREASED,3,249.38,60.95,1020.38,BENDROFLUMETHIAZIDE + TRANSAMINASES INCREASED
DONEPEZIL,NECK PAIN,3,249.28,58.26,1066.64,DONEPEZIL + NECK PAIN
CLOPIDOGREL,HAEMATURIA,5,249.12,78.12,794.47,CLOPIDOGREL + HAEMATURIA
PARAGARD 380A,METRORRHAGIA,6,248.7,76.92,804.07,PARAGARD 380A + METRORRHAGIA
DABIGATRAN,SHOCK HAEMORRHAGIC,3,248.38,40.76,1513.34,DABIGATRAN + SHOCK HAEMORRHAGIC
METHOTREXATE,CHRONIC MYELOID LEUKAEMIA,5,247.32,47.42,1289.93,METHOTREXATE + CHRONIC MYELOID LEUKAEMIA
TAMOXIFEN (UNKNOWN),MALIGNANT NEOPLASM PROGRESSION,19,246.25,118.58,511.39,TAMOXIFEN (UNKNOWN) + MALIGNANT NEOPLASM PROGRESSION
QUETIAPINE,AGGRESSION,4,241.7,69.15,844.83,QUETIAPINE + AGGRESSION
EXEMESTANE (UNKNOWN),NEOPLASM PROGRESSION,4,241.41,62.05,939.15,EXEMESTANE (UNKNOWN) + NEOPLASM PROGRESSION
PRAMIPEXOLE,HEART RATE INCREASED,8,236.6,82.52,678.33,PRAMIPEXOLE + HEART RATE INCREASED
PREDNISONE,LISTERIOSIS,3,231.28,23.9,2238.48,PREDNISONE + LISTERIOSIS
DOMPERIDONE,TREMOR,8,229.98,73.39,720.67,DOMPERIDONE + TREMOR
REVLIMID,PLASMA CELL MYELOMA,8,229.98,73.39,720.67,REVLIMID + PLASMA CELL MYELOMA
NEXPLANON,DEVICE BREAKAGE,6,226.34,77.45,661.43,NEXPLANON + DEVICE BREAKAGE
AVANDIA,CARDIAC FAILURE CONGESTIVE,7,226.23,81.77,625.9,AVANDIA + CARDIAC FAILURE CONGESTIVE
CYCLOPHOSPHAMIDE (UNKNOWN),MALIGNANT NEOPLASM PROGRESSION,3,222.27,36.55,1351.77,CYCLOPHOSPHAMIDE (UNKNOWN) + MALIGNANT NEOPLASM PROGRESSION
DIANEAL LOW CALCIUM,PERITONEAL DIALYSIS COMPLICATION,12,220.38,61.65,787.76,DIANEAL LOW CALCIUM + PERITONEAL DIALYSIS COMPLICATION
TAMOXIFEN (UNKNOWN),NEOPLASM PROGRESSION,12,216.89,96.92,485.36,TAMOXIFEN (UNKNOWN) + NEOPLASM PROGRESSION
PLAVIX,LOSS OF EMPLOYMENT,3,215.78,35.5,1311.72,PLAVIX + LOSS OF EMPLOYMENT
FINASTERIDE,TRANSAMINASES INCREASED,3,213.71,53.09,860.28,FINASTERIDE + TRANSAMINASES INCREASED
PICATO,APPLICATION SITE ERYTHEMA,15,211.86,100.07,448.5,PICATO + APPLICATION SITE ERYTHEMA
AROMASIN,BREAST CANCER,6,210.57,51.89,854.55,AROMASIN + BREAST CANCER
PROCHLORPERAZINE,RENAL IMPAIRMENT,3,207.73,50.96,846.76,PROCHLORPERAZINE + RENAL IMPAIRMENT
SERTRALINE,MAJOR DEPRESSION,3,207.44,44.81,960.22,SERTRALINE + MAJOR DEPRESSION
SOBRIL,WEIGHT INCREASED,3,206.71,21.37,1999.25,SOBRIL + WEIGHT INCREASED
LITHIONIT,WEIGHT INCREASED,3,206.71,21.37,1999.25,LITHIONIT + WEIGHT INCREASED
TAXOTERE,FEBRILE NEUTROPENIA,5,205.83,66.03,641.58,TAXOTERE + FEBRILE NEUTROPENIA
LITHIONIT,ABDOMINAL PAIN,3,203.81,21.07,1971.11,LITHIONIT + ABDOMINAL PAIN
SOBRIL,ABDOMINAL PAIN,3,203.81,21.07,1971.11,SOBRIL + ABDOMINAL PAIN
"PICATO (INGENOL MEBUTATE) (0.015 %, GEL)",APPLICATION SITE ERYTHEMA,3,202.96,39.97,1030.47,"PICATO (INGENOL MEBUTATE) (0.015 %, GEL) + APPLICATION SITE ERYTHEMA"
MIRENA,DEVICE ISSUE,6,201.97,59.98,680.09,MIRENA + DEVICE ISSUE
NEULASTA,INVESTIGATION,35,201.09,116.76,346.32,NEULASTA + INVESTIGATION
PROPECIA,DEPRESSION,4,199.9,36.19,1104.04,PROPECIA + DEPRESSION
MIRENA,EMOTIONAL DISTRESS,18,199.87,98.71,404.72,MIRENA + EMOTIONAL DISTRESS
METHOTREXATE,FOOT DEFORMITY,4,195.9,35.48,1081.71,METHOTREXATE + FOOT DEFORMITY
PICATO GEL,INCORRECT DRUG ADMINISTRATION DURATION,6,195.12,65.83,578.31,PICATO GEL + INCORRECT DRUG ADMINISTRATION DURATION
DAFALGAN,THROMBOCYTOPENIA,3,194.96,38.44,988.92,DAFALGAN + THROMBOCYTOPENIA
PLAVIX,ANHEDONIA,4,194.61,42.74,886.11,PLAVIX + ANHEDONIA
JANUVIA,PANCREATIC CARCINOMA,7,193.41,69.76,536.28,JANUVIA + PANCREATIC CARCINOMA
PICATO,PRODUCT PACKAGING QUANTITY ISSUE,3,192.79,44.14,842.0,PICATO + PRODUCT PACKAGING QUANTITY ISSUE
PICATO GEL,APPLICATION SITE VESICLES,3,191.77,48.38,760.1,PICATO GEL + APPLICATION SITE VESICLES
CHAMPIX,MYALGIA,5,191.12,53.71,680.0,CHAMPIX + MYALGIA
EXEMESTANE (UNKNOWN),MALIGNANT NEOPLASM PROGRESSION,5,190.88,50.12,726.99,EXEMESTANE (UNKNOWN) + MALIGNANT NEOPLASM PROGRESSION
SERTRALINE,SEDATION,4,189.62,51.27,701.34,SERTRALINE + SEDATION
CYCLIZINE,RASH,3,188.01,19.45,1817.42,CYCLIZINE + RASH
VENLAFAXINE,DRUG WITHDRAWAL SYNDROME,3,185.72,45.2,763.04,VENLAFAXINE + DRUG WITHDRAWAL SYNDROME
CYCLOPHOSPHAMIDE,CHRONIC GRAFT VERSUS HOST DISEASE,4,185.08,48.05,712.86,CYCLOPHOSPHAMIDE + CHRONIC GRAFT VERSUS HOST DISEASE
SOLIRIS,MYELODYSPLASTIC SYNDROME,3,181.07,41.57,788.8,SOLIRIS + MYELODYSPLASTIC SYNDROME
ETOPOSIDE,DISEASE PROGRESSION,14,180.96,81.54,401.58,ETOPOSIDE + DISEASE PROGRESSION
YASMIN,PULMONARY EMBOLISM,14,180.87,83.64,391.15,YASMIN + PULMONARY EMBOLISM
PARAGARD 380A,DEVICE BREAKAGE,7,178.48,64.63,492.89,PARAGARD 380A + DEVICE BREAKAGE
NORVIR,FOETAL EXPOSURE DURING PREGNANCY,3,170.69,39.27,741.9,NORVIR + FOETAL EXPOSURE DURING PREGNANCY
MIRENA,INJURY,21,168.87,89.17,319.81,MIRENA + INJURY
COZAAR,DYSPHAGIA,3,166.15,42.2,654.24,COZAAR + DYSPHAGIA
AVANDIA,MYOCARDIAL INFARCTION,8,165.57,62.64,437.63,AVANDIA + MYOCARDIAL INFARCTION
MIRENA,AMENORRHOEA,5,165.5,46.7,586.57,MIRENA + AMENORRHOEA
PRAMIPEXOLE,TREMOR,8,164.24,57.95,465.44,PRAMIPEXOLE + TREMOR
EYELEA,DEATH,5,162.68,18.95,1396.85,EYELEA + DEATH
ATORVASTATIN CALCIUM.,GLUCOSE TOLERANCE IMPAIRED,3,160.65,38.44,671.34,ATORVASTATIN CALCIUM. + GLUCOSE TOLERANCE IMPAIRED
LEVETIRACETAM,RESPIRATORY FAILURE,4,158.08,45.98,543.45,LEVETIRACETAM + RESPIRATORY FAILURE
AMLODIPINE,HYPOMAGNESAEMIA,5,156.94,37.03,665.2,AMLODIPINE + HYPOMAGNESAEMIA
FLUOXETINE,HAEMATURIA,5,155.61,52.01,465.54,FLUOXETINE + HAEMATURIA
PACLITAXEL (UNKNOWN),BREAST CANCER,3,153.06,25.29,926.31,PACLITAXEL (UNKNOWN) + BREAST CANCER
PEGASYS,HEPATITIS C,3,152.48,37.51,619.86,PEGASYS + HEPATITIS C
YASMIN,INJURY,11,151.32,67.45,339.48,YASMIN + INJURY
QUETIAPINE,AGITATION,4,150.92,44.89,507.37,QUETIAPINE + AGITATION
MIRENA,DEVICE DISLOCATION,12,149.74,66.9,335.14,MIRENA + DEVICE DISLOCATION
PROCHLORPERAZINE,LETHARGY,3,149.46,37.46,596.32,PROCHLORPERAZINE + LETHARGY
ADVAIR,DISABILITY,3,149.15,32.54,683.66,ADVAIR + DISABILITY
DRONEDARONE,GASTROINTESTINAL HAEMORRHAGE,20,147.41,78.07,278.33,DRONEDARONE + GASTROINTESTINAL HAEMORRHAGE
VALPROIC ACID,RESPIRATORY FAILURE,3,147.21,36.27,597.42,VALPROIC ACID + RESPIRATORY FAILURE
PICATO GEL,APPLICATION SITE ERYTHEMA,6,144.04,49.27,421.14,PICATO GEL + APPLICATION SITE ERYTHEMA
PLAVIX,TENSION,3,143.84,28.53,725.21,PLAVIX + TENSION
PLAVIX,DEFORMITY,3,143.84,28.53,725.21,PLAVIX + DEFORMITY
YASMIN,GENERAL PHYSICAL HEALTH DETERIORATION,11,143.72,64.26,321.43,YASMIN + GENERAL PHYSICAL HEALTH DETERIORATION
GILENYA,CENTRAL NERVOUS SYSTEM LESION,6,143.5,51.35,401.02,GILENYA + CENTRAL NERVOUS SYSTEM LESION
IMPLANON,INCORRECT DRUG ADMINISTRATION DURATION,5,142.14,46.21,437.25,IMPLANON + INCORRECT DRUG ADMINISTRATION DURATION
CHAMPIX,URINARY TRACT INFECTION,5,139.7,39.57,493.21,CHAMPIX + URINARY TRACT INFECTION
FOLIC ACID,HYPOMAGNESAEMIA,5,139.46,32.95,590.31,FOLIC ACID + HYPOMAGNESAEMIA
TECFIDERA,COORDINATION ABNORMAL,3,138.45,14.34,1336.53,TECFIDERA + COORDINATION ABNORMAL
CYCLIZINE,VOMITING,3,138.45,14.34,1336.53,CYCLIZINE + VOMITING
PEGASYS,PANCYTOPENIA,8,138.35,56.52,338.64,PEGASYS + PANCYTOPENIA
OXYTROL FOR WOMEN,APPLICATION SITE IRRITATION,3,134.8,22.3,814.71,OXYTROL FOR WOMEN + APPLICATION SITE IRRITATION
CARBAMAZEPINE,DRUG-INDUCED LIVER INJURY,3,133.49,34.96,509.76,CARBAMAZEPINE + DRUG-INDUCED LIVER INJURY
DABIGATRAN,GASTROINTESTINAL HAEMORRHAGE,22,132.76,72.58,242.87,DABIGATRAN + GASTROINTESTINAL HAEMORRHAGE
DIPHENHYDRAMINE,DISEASE PROGRESSION,14,130.63,62.08,274.84,DIPHENHYDRAMINE + DISEASE PROGRESSION
ARIMIDEX,BREAST CANCER,5,130.21,34.43,492.45,ARIMIDEX + BREAST CANCER
STELARA,PSORIASIS,3,127.77,33.53,486.91,STELARA + PSORIASIS
METFORMIN,LACTIC ACIDOSIS,6,127.68,35.56,458.46,METFORMIN + LACTIC ACIDOSIS
NUVARING,DEVICE EXPULSION,4,127.68,38.84,419.74,NUVARING + DEVICE EXPULSION
MOTRIN,UTERINE PERFORATION,3,125.62,33.07,477.2,MOTRIN + UTERINE PERFORATION
YASMIN,EMOTIONAL DISTRESS,8,124.65,51.32,302.79,YASMIN + EMOTIONAL DISTRESS
BENDAMUSTINE,PANCYTOPENIA,3,124.49,31.49,492.1,BENDAMUSTINE + PANCYTOPENIA
ENBREL,INJECTION SITE PRURITUS,3,123.92,24.64,623.32,ENBREL + INJECTION SITE PRURITUS
FLUOROURACIL,PNEUMONITIS,3,123.52,32.23,473.35,FLUOROURACIL + PNEUMONITIS
PERINDOPRIL,CHEST PAIN,3,123.44,20.44,745.45,PERINDOPRIL + CHEST PAIN
SEROQUEL,DYSKINESIA,4,122.56,37.38,401.83,SEROQUEL + DYSKINESIA
ISENTRESS,FOETAL EXPOSURE DURING PREGNANCY,3,121.9,30.28,490.7,ISENTRESS + FOETAL EXPOSURE DURING PREGNANCY
OXYTROL FOR WOMEN,APPLICATION SITE RASH,4,120.91,26.74,546.66,OXYTROL FOR WOMEN + APPLICATION SITE RASH
CLOZARIL,NEUTROPHIL COUNT DECREASED,3,120.46,30.52,475.46,CLOZARIL + NEUTROPHIL COUNT DECREASED
VITAMIN B12,CHOLELITHIASIS,3,120.46,30.52,475.46,VITAMIN B12 + CHOLELITHIASIS
SANDOSTATIN LAR DEPOT,BLOOD PRESSURE INCREASED,4,120.42,33.06,438.63,SANDOSTATIN LAR DEPOT + BLOOD PRESSURE INCREASED
ARIMIDEX,MALIGNANT NEOPLASM PROGRESSION,4,120.3,31.6,458.02,ARIMIDEX + MALIGNANT NEOPLASM PROGRESSION
CITALOPRAM,INCONTINENCE,3,120.13,26.34,547.99,CITALOPRAM + INCONTINENCE
CITALOPRAM,MAJOR DEPRESSION,3,120.13,26.34,547.99,CITALOPRAM + MAJOR DEPRESSION
MIRENA,ABDOMINAL PAIN LOWER,7,119.78,44.08,325.54,MIRENA + ABDOMINAL PAIN LOWER
CODEINE SULFATE,DRUG HYPERSENSITIVITY,8,119.71,40.85,350.77,CODEINE SULFATE + DRUG HYPERSENSITIVITY
EVEROLIMUS,DYSGEUSIA,4,119.52,35.24,405.34,EVEROLIMUS + DYSGEUSIA
DABIGATRAN,RECTAL HAEMORRHAGE,10,116.99,50.76,269.63,DABIGATRAN + RECTAL HAEMORRHAGE
DEPAKOTE,HYPERAMMONAEMIA,3,116.55,19.31,703.52,DEPAKOTE + HYPERAMMONAEMIA
PROVIGIL,WEIGHT DECREASED,3,116.55,19.31,703.52,PROVIGIL + WEIGHT DECREASED
ATRIPLA,WEIGHT DECREASED,3,116.55,19.31,703.52,ATRIPLA + WEIGHT DECREASED
HERCEPTIN,FEBRILE NEUTROPENIA,4,115.46,35.6,374.38,HERCEPTIN + FEBRILE NEUTROPENIA
SEROQUEL,SOPOR,3,114.93,29.9,441.77,SEROQUEL + SOPOR
FEXOFENADINE,PRURITUS,3,113.83,18.86,686.94,FEXOFENADINE + PRURITUS
JAKAFI,PLATELET COUNT INCREASED,16,110.17,14.6,831.46,JAKAFI + PLATELET COUNT INCREASED
PARAGARD 380A,DEVICE DISLOCATION,8,110.08,45.42,266.83,PARAGARD 380A + DEVICE DISLOCATION
CLARITIN CHEWABLE TABLETS,ACCIDENTAL EXPOSURE TO PRODUCT BY CHILD,8,108.71,39.93,295.96,CLARITIN CHEWABLE TABLETS + ACCIDENTAL EXPOSURE TO PRODUCT BY CHILD
LAMICTAL,CRYING,3,108.67,28.58,413.17,LAMICTAL + CRYING
MIRENA,DEVICE DIFFICULT TO USE,4,108.51,29.87,394.2,MIRENA + DEVICE DIFFICULT TO USE
CITALOPRAM,SEDATION,4,108.51,29.87,394.2,CITALOPRAM + SEDATION
CLOZARIL,LOWER RESPIRATORY TRACT INFECTION,3,107.06,27.66,414.4,CLOZARIL + LOWER RESPIRATORY TRACT INFECTION
JANUMET,PANCREATIC CARCINOMA,3,106.75,28.46,400.35,JANUMET + PANCREATIC CARCINOMA
AUBAGIO,ACNE,3,106.75,28.46,400.35,AUBAGIO + ACNE
AMOXICILLIN,TRANSAMINASES INCREASED,3,106.7,27.87,408.52,AMOXICILLIN + TRANSAMINASES INCREASED
AUBAGIO,ALOPECIA,9,104.5,43.59,250.54,AUBAGIO + ALOPECIA
CISPLATIN,PNEUMONITIS,3,104.48,27.54,396.36,CISPLATIN + PNEUMONITIS
PICATO GEL,DRUG ADMINISTERED AT INAPPROPRIATE SITE,3,103.76,27.52,391.18,PICATO GEL + DRUG ADMINISTERED AT INAPPROPRIATE SITE
COZAAR,NIGHT SWEATS,3,103.01,26.95,393.7,COZAAR + NIGHT SWEATS
DIANEAL LOW CALCIUM,PROCEDURAL PAIN,13,102.86,40.55,260.9,DIANEAL LOW CALCIUM + PROCEDURAL PAIN
CODEINE,DRUG HYPERSENSITIVITY,11,101.49,42.21,244.02,CODEINE + DRUG HYPERSENSITIVITY
PICATO,DRUG ADMINISTERED AT INAPPROPRIATE SITE,6,101.48,38.08,270.44,PICATO + DRUG ADMINISTERED AT INAPPROPRIATE SITE
KEPPRA,SEIZURE,3,100.86,25.74,395.21,KEPPRA + SEIZURE
TAXOTERE,NEOPLASM PROGRESSION,4,100.52,30.82,327.8,TAXOTERE + NEOPLASM PROGRESSION
DRONEDARONE,RECTAL HAEMORRHAGE,8,100.3,41.44,242.77,DRONEDARONE + RECTAL HAEMORRHAGE
PROPECIA,BACK PAIN,3,99.95,19.93,501.3,PROPECIA + BACK PAIN
LOVASTATIN.,TYPE 2 DIABETES MELLITUS,5,99.54,11.61,853.71,LOVASTATIN. + TYPE 2 DIABETES MELLITUS
MIRTAZAPINE,AGGRESSION,3,98.31,26.45,365.34,MIRTAZAPINE + AGGRESSION
CETIRIZINE 10 MG,NO ADVERSE EVENT,15,97.96,49.94,192.17,CETIRIZINE 10 MG + NO ADVERSE EVENT
METHOTREXATE,HYPOMAGNESAEMIA,4,97.93,24.16,397.02,METHOTREXATE + HYPOMAGNESAEMIA
BENDROFLUMETHIAZIDE,DYSGEUSIA,4,97.77,29.77,321.07,BENDROFLUMETHIAZIDE + DYSGEUSIA
IMATINIB,DRUG INEFFECTIVE,5,97.4,11.36,835.31,IMATINIB + DRUG INEFFECTIVE
WELLBUTRIN,APHASIA,3,97.02,26.04,361.48,WELLBUTRIN + APHASIA
MIRENA,EMBEDDED DEVICE,3,96.1,22.47,410.9,MIRENA + EMBEDDED DEVICE
MIRENA,PELVIC PAIN,3,96.1,22.47,410.9,MIRENA + PELVIC PAIN
SUBOXONE,ACCIDENTAL EXPOSURE TO PRODUCT BY CHILD,3,95.77,25.64,357.7,SUBOXONE + ACCIDENTAL EXPOSURE TO PRODUCT BY CHILD
LANSOPRAZOLE,HAEMATURIA,5,95.66,33.38,274.16,LANSOPRAZOLE + HAEMATURIA
YAZ,INJURY,13,94.2,46.33,191.55,YAZ + INJURY
VELCADE,GASTROINTESTINAL DISORDER,4,93.68,29.43,298.18,VELCADE + GASTROINTESTINAL DISORDER
TECFIDERA,INTENTIONAL UNDERDOSE,6,93.61,23.25,376.83,TECFIDERA + INTENTIONAL UNDERDOSE
EVEROLIMUS,PLEURAL EFFUSION,3,93.33,24.53,355.03,EVEROLIMUS + PLEURAL EFFUSION
PARAGARD 380A,VAGINAL HAEMORRHAGE,5,93.26,31.79,273.53,PARAGARD 380A + VAGINAL HAEMORRHAGE
XARELTO,HAEMORRHAGE INTRACRANIAL,3,92.93,20.47,421.98,XARELTO + HAEMORRHAGE INTRACRANIAL
XELODA,BREAST CANCER,20,91.42,49.24,169.71,XELODA + BREAST CANCER
HUMIRA,PSORIASIS,8,90.6,33.39,245.78,HUMIRA + PSORIASIS
BACLOFEN INTRATHECAL,FALL,3,90.48,15.02,545.13,BACLOFEN INTRATHECAL + FALL
CYMBALTA,SOPOR,4,90.14,26.86,302.53,CYMBALTA + SOPOR
ZITHROMAX,DRUG HYPERSENSITIVITY,8,89.76,33.09,243.48,ZITHROMAX + DRUG HYPERSENSITIVITY
IPRATROPIUM,PYREXIA,3,89.36,14.83,538.37,IPRATROPIUM + PYREXIA
PERINDOPRIL,PYREXIA,3,89.36,14.83,538.37,PERINDOPRIL + PYREXIA
YAZ,GENERAL PHYSICAL HEALTH DETERIORATION,13,89.23,44.05,180.72,YAZ + GENERAL PHYSICAL HEALTH DETERIORATION
METRONIDAZOLE,MATERNAL EXPOSURE DURING PREGNANCY,4,88.84,27.73,284.57,METRONIDAZOLE + MATERNAL EXPOSURE DURING PREGNANCY
TECFIDERA,FLUSHING,55,88.17,56.67,137.18,TECFIDERA + FLUSHING
DRONEDARONE,MELAENA,5,88.09,29.86,259.88,DRONEDARONE + MELAENA
HUMIRA,CROHN^S DISEASE,4,87.42,21.6,353.92,HUMIRA + CROHN^S DISEASE
AMPYRA,MULTIPLE SCLEROSIS,3,87.37,23.75,321.39,AMPYRA + MULTIPLE SCLEROSIS
EXEMESTANE,DYSGEUSIA,3,87.28,22.74,334.98,EXEMESTANE + DYSGEUSIA
ACETAMINOPHEN,DISEASE PROGRESSION,14,87.01,43.45,174.23,ACETAMINOPHEN + DISEASE PROGRESSION
OXYTROL FOR WOMEN,APPLICATION SITE ERYTHEMA,23,86.87,48.38,155.98,OXYTROL FOR WOMEN + APPLICATION SITE ERYTHEMA
BISOPROLOL,HAEMATURIA,5,85.74,30.14,243.94,BISOPROLOL + HAEMATURIA
XELODA,MALIGNANT NEOPLASM PROGRESSION,15,84.36,43.25,164.55,XELODA + MALIGNANT NEOPLASM PROGRESSION
JAKAFI,BLOOD COUNT ABNORMAL,59,84.07,33.67,209.87,JAKAFI + BLOOD COUNT ABNORMAL
DEXAMETHASONE,PLASMA CELL MYELOMA,4,83.3,24.88,278.9,DEXAMETHASONE + PLASMA CELL MYELOMA
VALIUM,PANCREATITIS,3,82.99,22.65,304.1,VALIUM + PANCREATITIS
PRADAXA,LOWER GASTROINTESTINAL HAEMORRHAGE,3,82.76,20.23,338.63,PRADAXA + LOWER GASTROINTESTINAL HAEMORRHAGE
CLOZARIL,WHITE BLOOD CELL COUNT INCREASED,8,82.57,35.09,194.28,CLOZARIL + WHITE BLOOD CELL COUNT INCREASED
RITUXIMAB,DISEASE PROGRESSION,15,82.56,42.32,161.07,RITUXIMAB + DISEASE PROGRESSION
ATENOLOL.,ARTHRALGIA,4,82.27,20.34,332.8,ATENOLOL. + ARTHRALGIA
SEROQUEL,INTENTIONAL OVERDOSE,3,82.06,22.25,302.63,SEROQUEL + INTENTIONAL OVERDOSE
MIRENA,MENORRHAGIA,4,81.37,23.87,277.37,MIRENA + MENORRHAGIA
DRONEDARONE,HAEMATOCHEZIA,5,81.3,27.87,237.14,DRONEDARONE + HAEMATOCHEZIA
METFORMIN HYDROCHLORIDE,DRUG INTERACTION,4,80.9,20.0,327.21,METFORMIN HYDROCHLORIDE + DRUG INTERACTION
WARFARIN SODIUM,DRUG INTERACTION,4,80.9,20.0,327.21,WARFARIN SODIUM + DRUG INTERACTION
PICATO,APPLICATION SITE PRURITUS,3,80.27,21.59,298.52,PICATO + APPLICATION SITE PRURITUS
ZOLPIDEM,HAEMATOCRIT DECREASED,3,79.88,21.84,292.14,ZOLPIDEM + HAEMATOCRIT DECREASED
AMLODIPINE BESYLATE.,TYPE 2 DIABETES MELLITUS,4,79.47,8.86,712.37,AMLODIPINE BESYLATE. + TYPE 2 DIABETES MELLITUS
BETAFERON,INAPPROPRIATE SCHEDULE OF DRUG ADMINISTRATION,3,79.32,20.41,308.3,BETAFERON + INAPPROPRIATE SCHEDULE OF DRUG ADMINISTRATION
NEXPLANON,MEDICAL DEVICE COMPLICATION,3,79.02,21.47,290.78,NEXPLANON + MEDICAL DEVICE COMPLICATION
XTANDI,INVESTIGATION,5,78.7,25.72,240.77,XTANDI + INVESTIGATION
PICATO,INCORRECT DRUG ADMINISTRATION DURATION,7,78.04,31.76,191.71,PICATO + INCORRECT DRUG ADMINISTRATION DURATION
FLUOXETINE,MYALGIA,6,77.87,29.05,208.71,FLUOXETINE + MYALGIA
ARA-C,DRUG INEFFECTIVE,4,77.76,8.67,697.04,ARA-C + DRUG INEFFECTIVE
NASONEX,SUICIDAL IDEATION,3,77.76,20.94,288.73,NASONEX + SUICIDAL IDEATION
AMITRIPTYLINE,THERAPEUTIC RESPONSE UNEXPECTED,4,77.72,24.63,245.28,AMITRIPTYLINE + THERAPEUTIC RESPONSE UNEXPECTED
DEPAKOTE,DRUG LEVEL INCREASED,3,77.69,15.53,388.64,DEPAKOTE + DRUG LEVEL INCREASED
SANDOSTATIN LAR DEPOT,GAIT DISTURBANCE,4,77.69,21.53,280.27,SANDOSTATIN LAR DEPOT + GAIT DISTURBANCE
KALETRA,FOETAL EXPOSURE DURING PREGNANCY,3,77.54,20.73,289.99,KALETRA + FOETAL EXPOSURE DURING PREGNANCY
ARANESP,INVESTIGATION,15,77.29,39.8,150.1,ARANESP + INVESTIGATION
PARAGARD 380A,PREGNANCY WITH CONTRACEPTIVE DEVICE,3,77.09,20.18,294.59,PARAGARD 380A + PREGNANCY WITH CONTRACEPTIVE DEVICE
PARAGARD 380A,MENORRHAGIA,3,77.09,20.18,294.59,PARAGARD 380A + MENORRHAGIA
PREDNISONE,MENINGITIS,3,77.08,15.41,385.53,PREDNISONE + MENINGITIS
PRISTIQ,INTENTIONAL DRUG MISUSE,3,76.57,20.75,282.52,PRISTIQ + INTENTIONAL DRUG MISUSE
ASPIRIN.,DRY SKIN,3,76.57,20.75,282.52,ASPIRIN. + DRY SKIN
AVONEX,INJECTION SITE HAEMORRHAGE,3,76.47,15.29,382.48,AVONEX + INJECTION SITE HAEMORRHAGE
LANSOPRAZOLE,MUSCULOSKELETAL STIFFNESS,3,76.19,20.74,279.82,LANSOPRAZOLE + MUSCULOSKELETAL STIFFNESS
YAZ,EMOTIONAL DISTRESS,9,75.93,33.78,170.65,YAZ + EMOTIONAL DISTRESS
COPEGUS,DRUG INTERACTION,9,75.88,30.27,190.17,COPEGUS + DRUG INTERACTION
FENTANYL,PULMONARY OEDEMA,4,75.38,24.15,235.27,FENTANYL + PULMONARY OEDEMA
ZOMIG,MIGRAINE,5,74.95,26.35,213.24,ZOMIG + MIGRAINE
ADCIRCA,LARYNGEAL PAIN,4,74.0,13.49,405.81,ADCIRCA + LARYNGEAL PAIN
PARACETAMOL,BONE MARROW FAILURE,3,73.41,17.26,312.35,PARACETAMOL + BONE MARROW FAILURE
XALATAN,CATARACT,3,73.21,20.13,266.24,XALATAN + CATARACT
BETAFERON,MULTIPLE SCLEROSIS RELAPSE,3,73.07,18.85,283.33,BETAFERON + MULTIPLE SCLEROSIS RELAPSE
PREDNISOLONE,MENTAL DISORDER,3,73.07,18.85,283.33,PREDNISOLONE + MENTAL DISORDER
PARAGARD 380A,MEDICAL DEVICE COMPLICATION,4,72.83,22.81,232.53,PARAGARD 380A + MEDICAL DEVICE COMPLICATION
VYVANSE,DRUG EFFECT DECREASED,5,72.56,24.76,212.66,VYVANSE + DRUG EFFECT DECREASED
FENTANYL,DRUG ABUSE,5,72.04,25.68,202.08,FENTANYL + DRUG ABUSE
EXEMESTANE,DISEASE PROGRESSION,4,71.88,21.15,244.28,EXEMESTANE + DISEASE PROGRESSION
DIANEAL LOW CALCIUM,PERITONITIS,8,71.82,24.67,209.11,DIANEAL LOW CALCIUM + PERITONITIS
DABIGATRAN,MELAENA,5,71.3,24.34,208.86,DABIGATRAN + MELAENA
DEPAKOTE ER,OFF LABEL USE,3,70.9,14.19,354.36,DEPAKOTE ER + OFF LABEL USE
ENBREL,INJECTION SITE ERYTHEMA,5,70.57,23.12,215.36,ENBREL + INJECTION SITE ERYTHEMA
AUBAGIO,PARAESTHESIA,8,70.41,28.98,171.06,AUBAGIO + PARAESTHESIA
DOXORUBICIN,FEBRILE NEUTROPENIA,3,69.13,19.1,250.2,DOXORUBICIN + FEBRILE NEUTROPENIA
XYZAL,WEIGHT INCREASED,3,68.89,13.79,344.23,XYZAL + WEIGHT INCREASED
ATARAX,WEIGHT INCREASED,3,68.89,13.79,344.23,ATARAX + WEIGHT INCREASED
NPLATE,INVESTIGATION,3,68.88,16.9,280.78,NPLATE + INVESTIGATION
WARFARIN,INTERNATIONAL NORMALISED RATIO INCREASED,5,68.73,22.06,214.15,WARFARIN + INTERNATIONAL NORMALISED RATIO INCREASED
CLOPIDOGREL,MYALGIA,4,68.14,21.03,220.84,CLOPIDOGREL + MYALGIA
ULTRAM,ABDOMINAL PAIN,3,67.92,13.59,339.37,ULTRAM + ABDOMINAL PAIN
VYVANSE,INAPPROPRIATE SCHEDULE OF DRUG ADMINISTRATION,4,66.47,20.89,211.5,VYVANSE + INAPPROPRIATE SCHEDULE OF DRUG ADMINISTRATION
NUVARING,INAPPROPRIATE SCHEDULE OF DRUG ADMINISTRATION,4,66.47,20.89,211.5,NUVARING + INAPPROPRIATE SCHEDULE OF DRUG ADMINISTRATION
SUBOXONE,WRONG TECHNIQUE IN DRUG USAGE PROCESS,6,65.98,25.38,171.54,SUBOXONE + WRONG TECHNIQUE IN DRUG USAGE PROCESS
DABIGATRAN,HAEMATOCHEZIA,5,65.81,22.73,190.56,DABIGATRAN + HAEMATOCHEZIA
LEVETIRACETAM,CONVULSION,4,65.8,19.78,218.93,LEVETIRACETAM + CONVULSION
VIMPAT,CONVULSION,4,65.8,19.78,218.93,VIMPAT + CONVULSION
OMEPRAZOLE,HYPOMAGNESAEMIA,4,65.61,16.26,264.82,OMEPRAZOLE + HYPOMAGNESAEMIA
ENDOXAN,ANAEMIA,3,65.43,10.88,393.51,ENDOXAN + ANAEMIA
CALCICHEW D3,DRUG INTERACTION,4,64.71,17.17,243.93,CALCICHEW D3 + DRUG INTERACTION
LITHIONIT,FATIGUE,3,64.69,6.72,623.2,LITHIONIT + FATIGUE
SOBRIL,FATIGUE,3,64.69,6.72,623.2,SOBRIL + FATIGUE
VICTRELIS,DRUG INTERACTION,7,64.48,23.62,176.0,VICTRELIS + DRUG INTERACTION
SOLIRIS,TRANSFUSION,6,64.08,24.91,164.84,SOLIRIS + TRANSFUSION
EVEROLIMUS,DISEASE PROGRESSION,4,63.88,19.22,212.39,EVEROLIMUS + DISEASE PROGRESSION
DIPHENHYDRAMINE,TOXICITY TO VARIOUS AGENTS,5,63.47,22.85,176.27,DIPHENHYDRAMINE + TOXICITY TO VARIOUS AGENTS
APREPITANT,RASH,3,62.66,12.55,312.86,APREPITANT + RASH
DULERA,CHEST DISCOMFORT,3,62.48,16.46,237.26,DULERA + CHEST DISCOMFORT
METFORMIN,BLOOD SODIUM DECREASED,3,62.23,13.78,281.1,METFORMIN + BLOOD SODIUM DECREASED
ENBREL,INJECTION SITE REACTION,3,61.94,15.23,252.02,ENBREL + INJECTION SITE REACTION
NEXPLANON,NO ADVERSE EVENT,7,61.62,25.27,150.27,NEXPLANON + NO ADVERSE EVENT
ZYPREXA,FOETAL EXPOSURE DURING PREGNANCY,3,60.91,16.76,221.34,ZYPREXA + FOETAL EXPOSURE DURING PREGNANCY
TRUVADA,FOETAL EXPOSURE DURING PREGNANCY,3,60.91,16.76,221.34,TRUVADA + FOETAL EXPOSURE DURING PREGNANCY
GEMCITABINE,DISEASE PROGRESSION,3,60.73,15.39,239.68,GEMCITABINE + DISEASE PROGRESSION
GAMMAGARD LIQUID,MIGRAINE,3,60.63,16.49,222.89,GAMMAGARD LIQUID + MIGRAINE
JAKAFI,SPLENOMEGALY,43,60.48,23.91,152.98,JAKAFI + SPLENOMEGALY
AMPYRA,GAIT DISTURBANCE,7,60.35,23.74,153.41,AMPYRA + GAIT DISTURBANCE
CHAMPIX,PYREXIA,5,60.29,17.29,210.27,CHAMPIX + PYREXIA
METHOTREXATE,RHEUMATOID ARTHRITIS,6,59.91,21.36,168.03,METHOTREXATE + RHEUMATOID ARTHRITIS
ZINC,FEELING ABNORMAL,3,59.69,13.22,269.51,ZINC + FEELING ABNORMAL
ADDERALL,DEPRESSION,3,59.35,13.99,251.73,ADDERALL + DEPRESSION
MIRENA,ABORTION SPONTANEOUS,4,59.16,18.33,190.95,MIRENA + ABORTION SPONTANEOUS
CHANTIX,SUICIDAL IDEATION,5,59.15,21.4,163.51,CHANTIX + SUICIDAL IDEATION
MORPHINE SULFATE,DRUG HYPERSENSITIVITY,6,58.77,20.57,167.88,MORPHINE SULFATE + DRUG HYPERSENSITIVITY
CHANTIX,IRRITABILITY,3,58.53,16.3,210.23,CHANTIX + IRRITABILITY
DIAZEPAM,TACHYCARDIA,3,58.53,16.3,210.23,DIAZEPAM + TACHYCARDIA
AVANDIA,ADVERSE EVENT,3,58.52,16.2,211.42,AVANDIA + ADVERSE EVENT
ALLOPURINOL,ORAL PAIN,3,58.26,12.91,263.0,ALLOPURINOL + ORAL PAIN
DEPAKOTE,MEDICATION RESIDUE PRESENT,3,58.26,12.91,263.0,DEPAKOTE + MEDICATION RESIDUE PRESENT
LIPITOR,GLUCOSE TOLERANCE IMPAIRED,7,57.96,12.01,279.63,LIPITOR + GLUCOSE TOLERANCE IMPAIRED
XELODA,NEOPLASM PROGRESSION,7,57.88,24.02,139.46,XELODA + NEOPLASM PROGRESSION
LANSOPRAZOLE,MYALGIA,7,57.86,23.84,140.42,LANSOPRAZOLE + MYALGIA
ENBREL,PSORIASIS,5,57.73,19.6,170.05,ENBREL + PSORIASIS
TYVASO,THROAT IRRITATION,14,57.66,27.07,122.82,TYVASO + THROAT IRRITATION
GLIVEC,DEATH,17,57.58,26.13,126.86,GLIVEC + DEATH
CISPLATIN,RASH GENERALISED,3,57.41,16.07,205.06,CISPLATIN + RASH GENERALISED
ONDANSETRON,RASH GENERALISED,3,57.41,16.07,205.06,ONDANSETRON + RASH GENERALISED
DILAUDID,PULMONARY EMBOLISM,4,57.05,17.87,182.09,DILAUDID + PULMONARY EMBOLISM
AZITHROMYCIN,PULMONARY EMBOLISM,3,56.1,14.81,212.42,AZITHROMYCIN + PULMONARY EMBOLISM
AMLODIPINE,PERIPHERAL COLDNESS,3,55.43,13.08,234.89,AMLODIPINE + PERIPHERAL COLDNESS
DRONEDARONE,HAEMORRHAGE,11,55.34,26.84,114.07,DRONEDARONE + HAEMORRHAGE
FENTANYL,TOXICITY TO VARIOUS AGENTS,4,55.23,18.07,168.87,FENTANYL + TOXICITY TO VARIOUS AGENTS
SOBRIL,DYSPNOEA,3,55.23,5.73,531.89,SOBRIL + DYSPNOEA
LITHIONIT,DYSPNOEA,3,55.23,5.73,531.89,LITHIONIT + DYSPNOEA
DILANTIN,CONVULSION,3,54.71,14.21,210.66,DILANTIN + CONVULSION
CETIRIZINE 10 MG,PRODUCT QUALITY ISSUE,16,53.47,28.54,100.18,CETIRIZINE 10 MG + PRODUCT QUALITY ISSUE
MIRENA,SCAR,3,53.37,14.11,201.84,MIRENA + SCAR
LANTUS,PANCREATIC CARCINOMA,3,53.27,14.74,192.55,LANTUS + PANCREATIC CARCINOMA
MOTRIN,DEEP VEIN THROMBOSIS,3,53.27,14.74,192.55,MOTRIN + DEEP VEIN THROMBOSIS
LEVAQUIN,DEEP VEIN THROMBOSIS,3,53.27,14.74,192.55,LEVAQUIN + DEEP VEIN THROMBOSIS
TYSABRI,MULTIPLE SCLEROSIS,8,53.22,21.87,129.53,TYSABRI + MULTIPLE SCLEROSIS
PICATO,DRUG ADMINISTRATION ERROR,4,53.02,17.39,161.63,PICATO + DRUG ADMINISTRATION ERROR
ENBREL,INJECTION SITE PAIN,8,52.78,22.54,123.6,ENBREL + INJECTION SITE PAIN
LEVAQUIN,PULMONARY EMBOLISM,4,52.65,16.67,166.29,LEVAQUIN + PULMONARY EMBOLISM
DULERA,PRODUCT QUALITY ISSUE,4,52.63,15.58,177.78,DULERA + PRODUCT QUALITY ISSUE
ZOMIG,INTENTIONAL DRUG MISUSE,3,52.36,14.71,186.31,ZOMIG + INTENTIONAL DRUG MISUSE
CETIRIZINE,EXTRA DOSE ADMINISTERED,3,52.36,14.71,186.31,CETIRIZINE + EXTRA DOSE ADMINISTERED
ATRIPLA,MALAISE,3,51.85,8.63,311.56,ATRIPLA + MALAISE
OXYCODONE HCL,DRUG ABUSE,3,51.81,14.54,184.59,OXYCODONE HCL + DRUG ABUSE
EXEMESTANE,BREAST CANCER,4,51.52,15.26,173.98,EXEMESTANE + BREAST CANCER
DULERA,DRUG DOSE OMISSION,4,50.98,15.1,172.14,DULERA + DRUG DOSE OMISSION
TORADOL,ABDOMINAL PAIN,3,50.94,11.3,229.65,TORADOL + ABDOMINAL PAIN
ALBUTEROL,ASTHMA,3,50.24,14.19,177.84,ALBUTEROL + ASTHMA
CLOPIDOGREL,URINARY TRACT INFECTION,4,50.07,15.58,160.93,CLOPIDOGREL + URINARY TRACT INFECTION
GADAVIST,NAUSEA,5,49.89,11.87,209.67,GADAVIST + NAUSEA
FLUCONAZOLE,DEEP VEIN THROMBOSIS,3,49.71,13.85,178.42,FLUCONAZOLE + DEEP VEIN THROMBOSIS
VERAPAMIL,RENAL FAILURE ACUTE,3,49.68,13.6,181.42,VERAPAMIL + RENAL FAILURE ACUTE
DABIGATRAN,HAEMORRHAGE,12,49.51,24.81,98.82,DABIGATRAN + HAEMORRHAGE
EPIRUBICIN,CHEST PAIN,3,49.36,11.66,208.89,EPIRUBICIN + CHEST PAIN
DIANEAL LOW CALCIUM (ULTRABAG),PERITONITIS,3,49.24,13.37,181.39,DIANEAL LOW CALCIUM (ULTRABAG) + PERITONITIS
MIRTAZAPINE,SUICIDAL IDEATION,3,49.08,13.84,174.08,MIRTAZAPINE + SUICIDAL IDEATION
DIANEAL LOW CALCIUM (ULTRABAG),HERNIA,4,49.02,15.76,152.5,DIANEAL LOW CALCIUM (ULTRABAG) + HERNIA
SERTRALINE,IRRITABILITY,3,48.75,13.69,173.62,SERTRALINE + IRRITABILITY
TRACLEER,PULMONARY ARTERIAL HYPERTENSION,3,48.7,13.34,177.74,TRACLEER + PULMONARY ARTERIAL HYPERTENSION
FENTORA,DEATH,3,48.48,8.07,291.19,FENTORA + DEATH
LANSOPRAZOLE DR CAPSULES 15MG OTC,PRODUCT QUALITY ISSUE,5,48.34,16.47,141.88,LANSOPRAZOLE DR CAPSULES 15MG OTC + PRODUCT QUALITY ISSUE
RISPERIDONE,TOXICITY TO VARIOUS AGENTS,3,48.13,13.6,170.29,RISPERIDONE + TOXICITY TO VARIOUS AGENTS
CITALOPRAM,HYPOKINESIA,3,48.02,12.9,178.73,CITALOPRAM + HYPOKINESIA
CRESTOR,WITHDRAWAL SYNDROME,3,48.02,12.9,178.73,CRESTOR + WITHDRAWAL SYNDROME
CORICIDIN HBP COLD AND FLU,DRUG EFFECT DECREASED,13,46.82,24.06,91.08,CORICIDIN HBP COLD AND FLU + DRUG EFFECT DECREASED
ATRIPLA,DIARRHOEA,3,46.71,7.78,280.53,ATRIPLA + DIARRHOEA
LEVOTHYROXINE SODIUM,DYSGEUSIA,4,46.7,15.39,141.68,LEVOTHYROXINE SODIUM + DYSGEUSIA
CLARITHROMYCIN,WEIGHT DECREASED,3,46.61,11.02,197.11,CLARITHROMYCIN + WEIGHT DECREASED
LEVOTHYROXINE.,WEIGHT DECREASED,3,46.61,11.02,197.11,LEVOTHYROXINE. + WEIGHT DECREASED
DEPAKOTE,GRAND MAL CONVULSION,3,46.61,11.02,197.11,DEPAKOTE + GRAND MAL CONVULSION
MIRENA,VAGINAL HAEMORRHAGE,4,46.47,14.87,145.2,MIRENA + VAGINAL HAEMORRHAGE
XARELTO,HAEMATOMA,3,46.45,12.1,178.29,XARELTO + HAEMATOMA
GADAVIST,VOMITING,4,46.36,11.52,186.6,GADAVIST + VOMITING
VALSARTAN,DRUG INTERACTION,4,46.22,13.36,159.93,VALSARTAN + DRUG INTERACTION
APREPITANT,VOMITING,3,46.14,9.26,229.94,APREPITANT + VOMITING
NEXPLANON,DEVICE DISLOCATION,3,46.05,13.08,162.05,NEXPLANON + DEVICE DISLOCATION
LOVENOX,RENAL FAILURE ACUTE,3,45.85,12.67,165.86,LOVENOX + RENAL FAILURE ACUTE
OLANZAPINE,RENAL FAILURE ACUTE,3,45.85,12.67,165.86,OLANZAPINE + RENAL FAILURE ACUTE
MIRALAX,INCORRECT DRUG ADMINISTRATION DURATION,5,45.76,16.81,124.53,MIRALAX + INCORRECT DRUG ADMINISTRATION DURATION
HYDROCODONE BITARTRATE AND ACETAMINOPHEN,PLATELET COUNT DECREASED,3,45.23,10.04,203.71,HYDROCODONE BITARTRATE AND ACETAMINOPHEN + PLATELET COUNT DECREASED
COPAXONE,MULTIPLE SCLEROSIS RELAPSE,3,44.95,12.43,162.5,COPAXONE + MULTIPLE SCLEROSIS RELAPSE
DEPAKOTE,MENTAL DISORDER,4,44.73,12.93,154.72,DEPAKOTE + MENTAL DISORDER
DIPHENHYDRAMINE,PULMONARY OEDEMA,3,44.73,12.72,157.24,DIPHENHYDRAMINE + PULMONARY OEDEMA
COMBIVENT,PRODUCT QUALITY ISSUE,7,44.73,18.11,110.47,COMBIVENT + PRODUCT QUALITY ISSUE
PEGINTRON,PYREXIA,3,44.67,9.92,201.18,PEGINTRON + PYREXIA
TYSABRI,MUSCULOSKELETAL DISORDER,3,44.5,10.99,180.2,TYSABRI + MUSCULOSKELETAL DISORDER
OMEGA 3,HAEMOGLOBIN DECREASED,3,44.4,9.86,199.94,OMEGA 3 + HAEMOGLOBIN DECREASED
PEGASYS,WHITE BLOOD CELL COUNT DECREASED,5,44.39,16.28,121.02,PEGASYS + WHITE BLOOD CELL COUNT DECREASED
SPIRIVA,COELIAC DISEASE,3,43.71,11.14,171.54,SPIRIVA + COELIAC DISEASE
TYKERB,BREAST CANCER,3,43.71,11.14,171.54,TYKERB + BREAST CANCER
FLUOXETINE,URINARY TRACT INFECTION,5,43.61,15.55,122.27,FLUOXETINE + URINARY TRACT INFECTION
LEXAPRO,NIGHTMARE,3,43.6,12.33,154.19,LEXAPRO + NIGHTMARE
CORICIDIN HBP COLD AND FLU,DRUG INEFFECTIVE FOR UNAPPROVED INDICATION,4,43.59,13.97,135.98,CORICIDIN HBP COLD AND FLU + DRUG INEFFECTIVE FOR UNAPPROVED INDICATION
DIANEAL LOW CALCIUM,FLUID OVERLOAD,11,43.0,19.25,96.02,DIANEAL LOW CALCIUM + FLUID OVERLOAD
SANDOSTATIN LAR DEPOT,BACK PAIN,3,42.82,10.91,167.99,SANDOSTATIN LAR DEPOT + BACK PAIN
MORPHINE SULFATE,DEHYDRATION,3,42.79,11.76,155.63,MORPHINE SULFATE + DEHYDRATION
SALBUTAMOL,LOCAL SWELLING,3,42.79,11.76,155.63,SALBUTAMOL + LOCAL SWELLING
DOCETAXEL,DISEASE PROGRESSION,3,42.5,11.45,157.75,DOCETAXEL + DISEASE PROGRESSION
WELLBUTRIN,SUICIDAL IDEATION,3,42.37,12.08,148.66,WELLBUTRIN + SUICIDAL IDEATION
TYSABRI,MULTIPLE SCLEROSIS RELAPSE,16,42.31,22.83,78.42,TYSABRI + MULTIPLE SCLEROSIS RELAPSE
ONDANSETRON,SWELLING FACE,4,41.82,13.89,125.96,ONDANSETRON + SWELLING FACE
LAMICTAL,CONVULSION,6,41.57,16.32,105.89,LAMICTAL + CONVULSION
LOSARTAN,HAEMATURIA,5,41.31,15.01,113.69,LOSARTAN + HAEMATURIA
TOPROL XL,NIGHT SWEATS,3,41.14,11.77,143.87,TOPROL XL + NIGHT SWEATS
SYNTHROID,WOUND,3,41.13,10.17,166.38,SYNTHROID + WOUND
FLUOROURACIL,SEPSIS,3,41.08,11.73,143.93,FLUOROURACIL + SEPSIS
EFFEXOR XR,HEART RATE INCREASED,6,41.03,16.32,103.15,EFFEXOR XR + HEART RATE INCREASED
JAKAFI,EYE INFECTION,6,40.99,4.93,340.75,JAKAFI + EYE INFECTION
YASMIN,THROMBOSIS,3,40.92,11.71,142.99,YASMIN + THROMBOSIS
TARCEVA,DEATH,5,40.66,10.86,152.18,TARCEVA + DEATH
SANDOSTATIN LAR,DEATH,5,40.66,10.86,152.18,SANDOSTATIN LAR + DEATH
AMIODARONE,ATRIAL FIBRILLATION,3,40.52,11.58,141.76,AMIODARONE + ATRIAL FIBRILLATION
PEGASYS,DRUG INTERACTION,10,40.45,18.63,87.79,PEGASYS + DRUG INTERACTION
SANDOSTATIN LAR DEPOT,FALL,4,40.44,11.31,144.69,SANDOSTATIN LAR DEPOT + FALL
VYVANSE,NO ADVERSE EVENT,3,40.15,11.21,143.8,VYVANSE + NO ADVERSE EVENT
REBIF,CONVULSION,3,39.78,10.85,145.77,REBIF + CONVULSION
OXALIPLATIN,SEPSIS,3,39.29,11.25,137.25,OXALIPLATIN + SEPSIS
KEPPRA,CONVULSION,8,39.27,17.41,88.58,KEPPRA + CONVULSION
BENADRYL,THROMBOCYTOPENIA,3,38.95,10.94,138.65,BENADRYL + THROMBOCYTOPENIA
SUBOXONE,DRUG ABUSE,3,38.83,11.13,135.46,SUBOXONE + DRUG ABUSE
LIPITOR,DIABETIC NEUROPATHY,7,38.63,9.96,149.8,LIPITOR + DIABETIC NEUROPATHY
XARELTO,CEREBRAL HAEMORRHAGE,4,38.57,12.31,120.9,XARELTO + CEREBRAL HAEMORRHAGE
OXYTROL FOR WOMEN,PRODUCT PACKAGING ISSUE,3,38.49,9.83,150.81,OXYTROL FOR WOMEN + PRODUCT PACKAGING ISSUE
AVASTIN,DISEASE PROGRESSION,5,38.34,13.92,105.66,AVASTIN + DISEASE PROGRESSION
ATORVASTATIN,WITHDRAWAL SYNDROME,3,38.11,10.29,141.15,ATORVASTATIN + WITHDRAWAL SYNDROME
PROZAC,INJURY,3,38.11,10.8,134.5,PROZAC + INJURY
CELEBREX,ACTIVITIES OF DAILY LIVING IMPAIRED,3,37.99,10.62,135.85,CELEBREX + ACTIVITIES OF DAILY LIVING IMPAIRED
VANCOMYCIN,PYREXIA,5,37.67,12.19,116.38,VANCOMYCIN + PYREXIA
ADVAIR,PANIC ATTACK,3,37.24,10.52,131.83,ADVAIR + PANIC ATTACK
COZAAR,PARAESTHESIA,3,37.15,10.04,137.53,COZAAR + PARAESTHESIA
ENBREL,DIVERTICULITIS,3,37.15,10.04,137.53,ENBREL + DIVERTICULITIS
LUNESTA,INSOMNIA,3,36.78,9.1,148.61,LUNESTA + INSOMNIA
GABAPENTIN,MENTAL STATUS CHANGES,3,36.53,9.99,133.63,GABAPENTIN + MENTAL STATUS CHANGES
PREDNISOLONE,PANIC ATTACK,3,36.51,10.32,129.15,PREDNISOLONE + PANIC ATTACK
ONFI,CONVULSION,3,36.46,10.06,132.11,ONFI + CONVULSION
CELEBREX,ARTHROPATHY,4,36.08,11.94,109.01,CELEBREX + ARTHROPATHY
HYDROMORPHONE,HEADACHE,3,36.08,6.01,216.51,HYDROMORPHONE + HEADACHE
LETAIRIS,NASAL CONGESTION,105,36.01,20.91,62.02,LETAIRIS + NASAL CONGESTION
MIRENA,DEVICE EXPULSION,5,35.91,13.21,97.61,MIRENA + DEVICE EXPULSION
CORICIDIN HBP COLD AND FLU,THERAPEUTIC RESPONSE DECREASED,4,35.89,11.75,109.57,CORICIDIN HBP COLD AND FLU + THERAPEUTIC RESPONSE DECREASED
CISPLATIN,NEUTROPENIA,3,35.84,10.32,124.4,CISPLATIN + NEUTROPENIA
EPIRUBICIN,PYREXIA,3,35.73,8.47,150.77,EPIRUBICIN + PYREXIA
CLINDAMYCIN,PYREXIA,3,35.73,8.47,150.77,CLINDAMYCIN + PYREXIA
KETOPROFEN,PYREXIA,3,35.73,8.47,150.77,KETOPROFEN + PYREXIA
YASMIN,ABDOMINAL PAIN,10,35.62,16.37,77.52,YASMIN + ABDOMINAL PAIN
MIRALAX,INAPPROPRIATE SCHEDULE OF DRUG ADMINISTRATION,5,35.55,13.22,95.58,MIRALAX + INAPPROPRIATE SCHEDULE OF DRUG ADMINISTRATION
DIANEAL LOW CALCIUM (ULTRABAG),FLUID OVERLOAD,4,34.99,11.62,105.36,DIANEAL LOW CALCIUM (ULTRABAG) + FLUID OVERLOAD
COZAAR,HYPOAESTHESIA,3,34.95,9.45,129.24,COZAAR + HYPOAESTHESIA
BENDROFLUMETHIAZIDE,CEREBROVASCULAR ACCIDENT,3,34.91,9.64,126.38,BENDROFLUMETHIAZIDE + CEREBROVASCULAR ACCIDENT
OXYCONTIN,SPLENOMEGALY,3,34.85,9.96,121.94,OXYCONTIN + SPLENOMEGALY
EVEROLIMUS,WEIGHT DECREASED,4,34.78,10.57,114.43,EVEROLIMUS + WEIGHT DECREASED
ATORVASTATIN,MENTAL STATUS CHANGES,3,34.64,9.48,126.6,ATORVASTATIN + MENTAL STATUS CHANGES
AMLODIPINE,HEPATIC FUNCTION ABNORMAL,3,34.63,9.06,132.34,AMLODIPINE + HEPATIC FUNCTION ABNORMAL
TAXOTERE,BREAST CANCER,4,34.33,10.88,108.36,TAXOTERE + BREAST CANCER
JAKAFI,PLATELET COUNT ABNORMAL,10,34.26,7.5,156.55,JAKAFI + PLATELET COUNT ABNORMAL
ALENDRONIC ACID,LOCAL SWELLING,3,34.22,9.65,121.39,ALENDRONIC ACID + LOCAL SWELLING
LETAIRIS,SEASONAL ALLERGY,7,34.0,4.18,276.53,LETAIRIS + SEASONAL ALLERGY
CETIRIZINE 10 MG,NIGHTMARE,3,33.78,9.64,118.37,CETIRIZINE 10 MG + NIGHTMARE
TYSABRI,INTERVERTEBRAL DISC PROTRUSION,3,33.37,8.74,127.45,TYSABRI + INTERVERTEBRAL DISC PROTRUSION
SANDOSTATIN LAR DEPOT,WEIGHT DECREASED,3,33.28,8.51,130.17,SANDOSTATIN LAR DEPOT + WEIGHT DECREASED
DEPAKOTE,MANIA,3,33.28,8.51,130.17,DEPAKOTE + MANIA
DEPAKOTE,FEELING JITTERY,3,33.28,8.51,130.17,DEPAKOTE + FEELING JITTERY
SERTRALINE,AGITATION,3,33.12,9.57,114.62,SERTRALINE + AGITATION
XELJANZ,ABDOMINAL DISCOMFORT,3,33.07,9.33,117.22,XELJANZ + ABDOMINAL DISCOMFORT
BISOPROLOL,MYALGIA,5,32.87,12.25,88.24,BISOPROLOL + MYALGIA
OMEPRAZOLE,BLINDNESS UNILATERAL,3,32.58,8.07,131.5,OMEPRAZOLE + BLINDNESS UNILATERAL
OXYTROL FOR WOMEN,DRUG ADMINISTERED AT INAPPROPRIATE SITE,7,32.58,13.49,78.69,OXYTROL FOR WOMEN + DRUG ADMINISTERED AT INAPPROPRIATE SITE
ATORVASTATIN,HAEMATURIA,5,32.56,11.91,89.02,ATORVASTATIN + HAEMATURIA
HUMIRA,DEVICE ISSUE,3,32.48,8.51,124.02,HUMIRA + DEVICE ISSUE
DIANEAL PD2 WITH 1.5% DEXTROSE,DEATH,3,32.31,6.49,160.76,DIANEAL PD2 WITH 1.5% DEXTROSE + DEATH
DIAZEPAM,TOXICITY TO VARIOUS AGENTS,3,32.05,9.29,110.55,DIAZEPAM + TOXICITY TO VARIOUS AGENTS
OXYTROL FOR WOMEN,DRUG EFFECT DECREASED,15,32.05,17.34,59.23,OXYTROL FOR WOMEN + DRUG EFFECT DECREASED
LOSARTAN,ELECTROCARDIOGRAM QT PROLONGED,3,32.0,9.04,113.32,LOSARTAN + ELECTROCARDIOGRAM QT PROLONGED
MIRENA,FEAR,3,32.0,9.04,113.32,MIRENA + FEAR
JAKAFI,INCREASED APPETITE,23,31.83,12.08,83.89,JAKAFI + INCREASED APPETITE
DEXAMETHASONE,NEUTROPENIA,5,31.77,11.86,85.1,DEXAMETHASONE + NEUTROPENIA
TYLENOL,NECK PAIN,3,31.69,9.11,110.27,TYLENOL + NECK PAIN
EXEMESTANE,DECREASED APPETITE,3,31.68,8.46,118.69,EXEMESTANE + DECREASED APPETITE
EXEMESTANE,RASH,4,31.51,9.39,105.74,EXEMESTANE + RASH
SINGULAIR,ASTHMA,3,31.5,9.09,109.16,SINGULAIR + ASTHMA
TECFIDERA,GASTRIC DISORDER,8,31.48,12.73,77.82,TECFIDERA + GASTRIC DISORDER
DIANEAL LOW CALCIUM,BLOOD PRESSURE FLUCTUATION,3,31.46,7.46,132.61,DIANEAL LOW CALCIUM + BLOOD PRESSURE FLUCTUATION
LEXAPRO,INCREASED APPETITE,3,31.37,9.09,108.32,LEXAPRO + INCREASED APPETITE
TOPAMAX,CONVULSION,3,31.24,8.78,111.21,TOPAMAX + CONVULSION
AMITRIPTYLINE,NIGHT SWEATS,3,31.14,9.04,107.28,AMITRIPTYLINE + NIGHT SWEATS
TAMOXIFEN (UNKNOWN),DRUG INTOLERANCE,3,31.01,9.01,106.79,TAMOXIFEN (UNKNOWN) + DRUG INTOLERANCE
COZAAR,WEIGHT INCREASED,4,30.81,9.38,101.23,COZAAR + WEIGHT INCREASED
RAMIPRIL,MYALGIA,6,30.67,12.42,75.72,RAMIPRIL + MYALGIA
EVEROLIMUS,BREAST CANCER,3,30.59,8.29,112.87,EVEROLIMUS + BREAST CANCER
JAKAFI,PLATELET COUNT DECREASED,133,30.46,20.71,44.82,JAKAFI + PLATELET COUNT DECREASED
ESTRADIOL,FALL,3,30.15,7.47,121.59,ESTRADIOL + FALL
DIANEAL LOW CALCIUM,HYPOPHAGIA,4,30.12,8.74,103.76,DIANEAL LOW CALCIUM + HYPOPHAGIA
CLOZARIL,WHITE BLOOD CELL COUNT DECREASED,4,30.07,10.16,88.94,CLOZARIL + WHITE BLOOD CELL COUNT DECREASED
CLOZARIL,RED BLOOD CELL COUNT DECREASED,3,30.04,8.74,103.28,CLOZARIL + RED BLOOD CELL COUNT DECREASED
CLOZARIL,NEUTROPENIA,3,30.04,8.74,103.28,CLOZARIL + NEUTROPENIA
AVONEX,COGNITIVE DISORDER,5,29.85,10.48,84.96,AVONEX + COGNITIVE DISORDER
AUBAGIO,MUSCULAR WEAKNESS,4,29.8,9.88,89.83,AUBAGIO + MUSCULAR WEAKNESS
XYZAL,NAUSEA,3,29.75,5.98,147.97,XYZAL + NAUSEA
ZETIA,GASTROINTESTINAL HAEMORRHAGE,3,29.67,8.47,103.97,ZETIA + GASTROINTESTINAL HAEMORRHAGE
PAXIL,DEPRESSION,5,29.65,10.73,81.97,PAXIL + DEPRESSION
REMICADE,THERAPEUTIC RESPONSE DECREASED,3,29.53,8.46,103.1,REMICADE + THERAPEUTIC RESPONSE DECREASED
KLONOPIN,WRONG TECHNIQUE IN DRUG USAGE PROCESS,3,29.43,8.51,101.77,KLONOPIN + WRONG TECHNIQUE IN DRUG USAGE PROCESS
METOPROLOL TARTRATE,DRUG INTERACTION,4,29.4,9.23,93.61,METOPROLOL TARTRATE + DRUG INTERACTION
CISPLATIN,SWELLING FACE,3,29.38,8.54,101.12,CISPLATIN + SWELLING FACE
XGEVA,INVESTIGATION,4,29.37,9.75,88.53,XGEVA + INVESTIGATION
CETIRIZINE,PRODUCT QUALITY ISSUE,7,29.22,12.37,69.03,CETIRIZINE + PRODUCT QUALITY ISSUE
ISOSORBIDE,WEIGHT DECREASED,3,29.12,7.64,111.04,ISOSORBIDE + WEIGHT DECREASED
PROCHLORPERAZINE,WEIGHT DECREASED,3,29.12,7.64,111.04,PROCHLORPERAZINE + WEIGHT DECREASED
POTASSIUM CHLORIDE.,ABDOMINAL PAIN,3,29.1,7.45,113.65,POTASSIUM CHLORIDE. + ABDOMINAL PAIN
SINGULAIR,CHRONIC OBSTRUCTIVE PULMONARY DISEASE,3,28.87,8.38,99.46,SINGULAIR + CHRONIC OBSTRUCTIVE PULMONARY DISEASE
CIPRO,DRUG HYPERSENSITIVITY,4,28.86,9.17,90.83,CIPRO + DRUG HYPERSENSITIVITY
CORICIDIN HBP COLD AND FLU,SOMNOLENCE,14,28.8,15.44,53.73,CORICIDIN HBP COLD AND FLU + SOMNOLENCE
PICATO,INAPPROPRIATE SCHEDULE OF DRUG ADMINISTRATION,4,28.75,9.74,84.9,PICATO + INAPPROPRIATE SCHEDULE OF DRUG ADMINISTRATION
COUMADIN,VIRAL INFECTION,3,28.69,8.08,101.95,COUMADIN + VIRAL INFECTION
ENBREL,RHEUMATOID ARTHRITIS,3,28.57,7.99,102.19,ENBREL + RHEUMATOID ARTHRITIS
EVEROLIMUS,DECREASED APPETITE,3,28.51,7.73,105.09,EVEROLIMUS + DECREASED APPETITE
SABRIL (FOR ORAL SOLUTION),PNEUMONIA,3,28.22,7.4,107.56,SABRIL (FOR ORAL SOLUTION) + PNEUMONIA
PARACETAMOL,HAEMOPTYSIS,3,28.21,7.89,100.9,PARACETAMOL + HAEMOPTYSIS
XELODA,FEBRILE NEUTROPENIA,3,28.21,8.19,97.11,XELODA + FEBRILE NEUTROPENIA
ERLOTINIB TABLET,INCORRECT DOSE ADMINISTERED,4,28.14,9.54,83.02,ERLOTINIB TABLET + INCORRECT DOSE ADMINISTERED
METFORMIN,METABOLIC ACIDOSIS,5,28.1,10.05,78.58,METFORMIN + METABOLIC ACIDOSIS
EVEROLIMUS,RASH,4,28.01,8.53,91.92,EVEROLIMUS + RASH
AVONEX,UNDERDOSE,4,28.0,8.8,89.11,AVONEX + UNDERDOSE
JAKAFI,HAEMATOCRIT DECREASED,20,27.62,10.35,73.71,JAKAFI + HAEMATOCRIT DECREASED
SODIUM BICARBONATE,DYSPNOEA,3,27.61,4.6,165.61,SODIUM BICARBONATE + DYSPNOEA
DEXAMETHASONE,RASH GENERALISED,3,27.56,7.96,95.5,DEXAMETHASONE + RASH GENERALISED
IBUPROFEN,RENAL IMPAIRMENT,3,27.55,7.91,96.01,IBUPROFEN + RENAL IMPAIRMENT
EFFEXOR XR,PALPITATIONS,5,27.51,10.32,73.32,EFFEXOR XR + PALPITATIONS
B12,ASTHENIA,3,27.41,6.51,115.45,B12 + ASTHENIA
SYNTHROID,HYPOTHYROIDISM,3,27.41,7.33,102.51,SYNTHROID + HYPOTHYROIDISM
SIMVASTATIN.,ARTHRITIS,3,27.38,8.0,93.72,SIMVASTATIN. + ARTHRITIS
JAKAFI,NOCTURIA,4,27.28,3.05,244.3,JAKAFI + NOCTURIA
JAKAFI,BLOOD IRON DECREASED,4,27.28,3.05,244.3,JAKAFI + BLOOD IRON DECREASED
JAKAFI,SENSATION OF HEAVINESS,4,27.28,3.05,244.3,JAKAFI + SENSATION OF HEAVINESS
CITALOPRAM,AGITATION,4,27.08,9.12,80.38,CITALOPRAM + AGITATION
ADVAIR,ASTHMA,3,27.07,7.85,93.34,ADVAIR + ASTHMA
YASMIN,ANXIETY,7,27.03,11.36,64.3,YASMIN + ANXIETY
TECFIDERA,MULTIPLE SCLEROSIS RELAPSE,19,27.0,15.18,48.05,TECFIDERA + MULTIPLE SCLEROSIS RELAPSE
AFINITOR,DEATH,9,26.96,11.09,65.55,AFINITOR + DEATH
LANSOPRAZOLE,URINARY TRACT INFECTION,5,26.81,10.01,71.8,LANSOPRAZOLE + URINARY TRACT INFECTION
LEVOFLOXACIN,DRUG INTERACTION,3,26.73,7.15,99.95,LEVOFLOXACIN + DRUG INTERACTION
LETAIRIS,FLUID RETENTION,84,26.66,15.58,45.62,LETAIRIS + FLUID RETENTION
CIPROFLOXACIN,ANXIETY,4,26.64,8.56,82.94,CIPROFLOXACIN + ANXIETY
HERCEPTIN,DISEASE PROGRESSION,3,26.55,7.57,93.16,HERCEPTIN + DISEASE PROGRESSION
PERCOCET,PULMONARY EMBOLISM,3,26.55,7.65,92.12,PERCOCET + PULMONARY EMBOLISM
ATENOLOL,TACHYCARDIA,3,26.51,7.59,92.62,ATENOLOL + TACHYCARDIA
ALDACTONE,HAEMOGLOBIN DECREASED,4,26.46,8.07,86.78,ALDACTONE + HAEMOGLOBIN DECREASED
CETIRIZINE,NO ADVERSE EVENT,4,26.3,8.93,77.47,CETIRIZINE + NO ADVERSE EVENT
XELODA,DISEASE PROGRESSION,7,26.22,11.33,60.65,XELODA + DISEASE PROGRESSION
PARACETAMOL,DRUG-INDUCED LIVER INJURY,3,26.2,7.39,92.91,PARACETAMOL + DRUG-INDUCED LIVER INJURY
LEVOTHYROXINE.,ANAEMIA,3,26.16,6.21,110.16,LEVOTHYROXINE. + ANAEMIA
CYMBALTA,DRUG ABUSE,4,26.11,8.88,76.77,CYMBALTA + DRUG ABUSE
OXALIPLATIN,DISEASE PROGRESSION,4,26.1,8.76,77.74,OXALIPLATIN + DISEASE PROGRESSION
PROVENTIL,OVERDOSE,4,25.95,8.16,82.49,PROVENTIL + OVERDOSE
CUBICIN,DEATH,4,25.93,6.93,97.06,CUBICIN + DEATH
EXEMESTANE,WEIGHT DECREASED,3,25.88,6.93,96.73,EXEMESTANE + WEIGHT DECREASED
ZOFRAN,DEHYDRATION,4,25.76,8.73,76.0,ZOFRAN + DEHYDRATION
METFORMIN,PANCREATIC CARCINOMA,4,25.72,8.27,80.05,METFORMIN + PANCREATIC CARCINOMA
SUBOXONE,CONVULSION,4,25.71,8.66,76.37,SUBOXONE + CONVULSION
ASPIRIN,ORAL PAIN,3,25.55,5.69,114.68,ASPIRIN + ORAL PAIN
NYSTATIN,PYREXIA,3,25.52,6.54,99.55,NYSTATIN + PYREXIA
MEROPENEM,PYREXIA,3,25.52,6.54,99.55,MEROPENEM + PYREXIA
MECLIZINE,HAEMOGLOBIN DECREASED,3,25.36,6.5,98.94,MECLIZINE + HAEMOGLOBIN DECREASED
ADVIL,DYSGEUSIA,3,25.28,7.41,86.26,ADVIL + DYSGEUSIA
CITALOPRAM,ABASIA,3,25.25,7.29,87.53,CITALOPRAM + ABASIA
RISPERDAL,SOMNOLENCE,3,25.22,7.01,90.78,RISPERDAL + SOMNOLENCE
NORCO,PARAESTHESIA,4,25.06,8.37,74.98,NORCO + PARAESTHESIA
FENOFIBRATE,ANAEMIA,4,25.02,7.27,86.1,FENOFIBRATE + ANAEMIA
ZOLOFT,MATERNAL EXPOSURE DURING PREGNANCY,4,24.78,8.45,72.69,ZOLOFT + MATERNAL EXPOSURE DURING PREGNANCY
DOXORUBICIN,MALIGNANT NEOPLASM PROGRESSION,3,24.66,7.09,85.69,DOXORUBICIN + MALIGNANT NEOPLASM PROGRESSION
OXYCODONE HCL 30MG,DRUG INEFFECTIVE,10,24.58,9.66,62.57,OXYCODONE HCL 30MG + DRUG INEFFECTIVE
DIANEAL LOW CALCIUM,HERNIA,6,24.57,9.24,65.37,DIANEAL LOW CALCIUM + HERNIA
EXTRANEAL,SEPSIS,3,24.39,7.16,83.05,EXTRANEAL + SEPSIS
ENBREL,MOBILITY DECREASED,5,24.39,9.13,65.15,ENBREL + MOBILITY DECREASED
JAKAFI,HAEMOGLOBIN DECREASED,129,24.27,16.93,34.79,JAKAFI + HAEMOGLOBIN DECREASED
LETAIRIS,LARYNGEAL PAIN,5,24.26,2.83,207.76,LETAIRIS + LARYNGEAL PAIN
REMICADE,HERPES ZOSTER,3,24.15,7.03,83.01,REMICADE + HERPES ZOSTER
ALBENDAZOLE,HEADACHE,3,24.05,4.84,119.52,ALBENDAZOLE + HEADACHE
BISOPROLOL,URINARY TRACT INFECTION,5,24.03,9.04,63.86,BISOPROLOL + URINARY TRACT INFECTION
CITALOPRAM,NECK PAIN,3,23.99,6.95,82.8,CITALOPRAM + NECK PAIN
TYSABRI,CENTRAL NERVOUS SYSTEM LESION,4,23.93,7.82,73.26,TYSABRI + CENTRAL NERVOUS SYSTEM LESION
JAKAFI,HOSPICE CARE,7,23.93,4.96,115.3,JAKAFI + HOSPICE CARE
LORAZEPAM,NEUTROPENIA,3,23.86,7.01,81.19,LORAZEPAM + NEUTROPENIA
LAMOTRIGINE,TREMOR,3,23.62,6.78,82.33,LAMOTRIGINE + TREMOR
PACLITAXEL,DISEASE PROGRESSION,3,23.59,6.8,81.91,PACLITAXEL + DISEASE PROGRESSION
FUROSEMIDE,HAEMATOCRIT DECREASED,4,23.56,7.91,70.19,FUROSEMIDE + HAEMATOCRIT DECREASED
ERLOTINIB TABLET,DEATH,14,23.44,11.72,46.87,ERLOTINIB TABLET + DEATH
PERCOCET,ALOPECIA,3,23.36,6.75,80.8,PERCOCET + ALOPECIA
CAPECITABINE,DIARRHOEA,3,23.35,5.2,104.77,CAPECITABINE + DIARRHOEA
TENORMIN,DIARRHOEA,3,23.35,5.2,104.77,TENORMIN + DIARRHOEA
BENADRYL,CONTUSION,3,23.29,6.62,81.92,BENADRYL + CONTUSION
TYVASO,PHARYNGITIS,3,23.23,5.96,90.54,TYVASO + PHARYNGITIS
ENBREL,HERNIA,3,23.21,6.63,81.21,ENBREL + HERNIA
LISINOPRIL,WITHDRAWAL SYNDROME,3,23.11,6.29,84.95,LISINOPRIL + WITHDRAWAL SYNDROME
SINGULAIR,WHEEZING,3,23.08,6.79,78.49,SINGULAIR + WHEEZING
RITUXIMAB,PANCYTOPENIA,3,23.08,6.79,78.49,RITUXIMAB + PANCYTOPENIA
VITAMIN D3,FLATULENCE,3,22.99,6.77,78.07,VITAMIN D3 + FLATULENCE
DEXAMETHASONE,FEBRILE NEUTROPENIA,3,22.96,6.71,78.53,DEXAMETHASONE + FEBRILE NEUTROPENIA
LEVEMIR,WEIGHT INCREASED,3,22.95,6.15,85.65,LEVEMIR + WEIGHT INCREASED
MIRENA,DEPRESSED MOOD,3,22.84,6.64,78.56,MIRENA + DEPRESSED MOOD
CRESTOR,CARDIAC FAILURE,3,22.84,6.64,78.56,CRESTOR + CARDIAC FAILURE
AVONEX,MULTIPLE SCLEROSIS,5,22.81,8.29,62.79,AVONEX + MULTIPLE SCLEROSIS
AMPYRA,URINARY TRACT INFECTION,3,22.62,6.52,78.45,AMPYRA + URINARY TRACT INFECTION
PRADAXA,HAEMATURIA,3,22.53,6.57,77.3,PRADAXA + HAEMATURIA
HYDREA,INCREASED APPETITE,3,22.46,6.58,76.65,HYDREA + INCREASED APPETITE
TRACLEER,LIVER FUNCTION TEST ABNORMAL,3,22.44,6.58,76.51,TRACLEER + LIVER FUNCTION TEST ABNORMAL
CISPLATIN,THROMBOCYTOPENIA,3,22.44,6.58,76.51,CISPLATIN + THROMBOCYTOPENIA
PREDNISONE.,THROMBOCYTOPENIA,3,22.44,6.58,76.51,PREDNISONE. + THROMBOCYTOPENIA
CICLOSPORIN,DRUG INEFFECTIVE,8,22.39,8.08,61.99,CICLOSPORIN + DRUG INEFFECTIVE
FLUDARABINE,DRUG INEFFECTIVE,8,22.39,8.08,61.99,FLUDARABINE + DRUG INEFFECTIVE
NUVIGIL,NAUSEA,3,22.31,4.97,100.09,NUVIGIL + NAUSEA
NEXIUM,RECTAL HAEMORRHAGE,3,22.3,6.51,76.33,NEXIUM + RECTAL HAEMORRHAGE
METFORMIN,BLOOD POTASSIUM INCREASED,4,22.29,7.29,68.16,METFORMIN + BLOOD POTASSIUM INCREASED
HYDROXYCHLOROQUINE,PAIN IN EXTREMITY,3,22.23,6.05,81.68,HYDROXYCHLOROQUINE + PAIN IN EXTREMITY
YAZ,ABDOMINAL PAIN,12,22.2,11.37,43.33,YAZ + ABDOMINAL PAIN
AMIODARONE,GASTROINTESTINAL HAEMORRHAGE,3,21.92,6.41,75.0,AMIODARONE + GASTROINTESTINAL HAEMORRHAGE
DIGOXIN,GASTROINTESTINAL HAEMORRHAGE,3,21.92,6.41,75.0,DIGOXIN + GASTROINTESTINAL HAEMORRHAGE
LETAIRIS,EXERCISE TOLERANCE DECREASED,9,21.88,4.72,101.36,LETAIRIS + EXERCISE TOLERANCE DECREASED
TRICOR,DRUG INTERACTION,3,21.87,6.03,79.36,TRICOR + DRUG INTERACTION
TEGRETOL,CONVULSION,3,21.86,6.35,75.29,TEGRETOL + CONVULSION
LETROZOLE (UNKNOWN),DRUG INTOLERANCE,5,21.86,8.25,57.94,LETROZOLE (UNKNOWN) + DRUG INTOLERANCE
TYLENOL,MUSCULOSKELETAL PAIN,3,21.84,6.43,74.17,TYLENOL + MUSCULOSKELETAL PAIN
ULORIC,ANAEMIA,3,21.8,5.42,87.73,ULORIC + ANAEMIA
CLOPIDOGREL,PYREXIA,4,21.78,6.86,69.1,CLOPIDOGREL + PYREXIA
EXEMESTANE,FATIGUE,6,21.7,6.97,67.56,EXEMESTANE + FATIGUE
SEROQUEL,TREMOR,4,21.69,7.36,63.9,SEROQUEL + TREMOR
PRADAXA,ATRIAL FIBRILLATION,4,21.66,7.41,63.3,PRADAXA + ATRIAL FIBRILLATION
SANDOSTATIN LAR DEPOT,DEATH,4,21.61,6.07,76.97,SANDOSTATIN LAR DEPOT + DEATH
PRADAXA,RECTAL HAEMORRHAGE,3,21.55,6.3,73.71,PRADAXA + RECTAL HAEMORRHAGE
LYRICA,NEURALGIA,3,21.53,5.66,81.86,LYRICA + NEURALGIA
FLUOXETINE,ABDOMINAL PAIN,5,21.49,7.77,59.47,FLUOXETINE + ABDOMINAL PAIN
LEXAPRO,FLATULENCE,3,21.17,6.26,71.63,LEXAPRO + FLATULENCE
ATORVASTATIN,RENAL IMPAIRMENT,3,21.16,6.11,73.28,ATORVASTATIN + RENAL IMPAIRMENT
ALLOPURINOL.,DIARRHOEA,6,20.95,7.41,59.21,ALLOPURINOL. + DIARRHOEA
DEPAKOTE,PANIC ATTACK,4,20.86,6.83,63.72,DEPAKOTE + PANIC ATTACK
EFFEXOR,PALPITATIONS,3,20.85,6.1,71.26,EFFEXOR + PALPITATIONS
GILENYA,BALANCE DISORDER,3,20.74,6.13,70.14,GILENYA + BALANCE DISORDER
IBUPROFEN,CHRONIC OBSTRUCTIVE PULMONARY DISEASE,3,20.65,6.06,70.43,IBUPROFEN + CHRONIC OBSTRUCTIVE PULMONARY DISEASE
AMPYRA,HYPERTENSION,3,20.62,5.96,71.4,AMPYRA + HYPERTENSION
AMPYRA,PARAESTHESIA,3,20.62,5.96,71.4,AMPYRA + PARAESTHESIA
LETAIRIS,OEDEMA,85,20.55,12.71,33.23,LETAIRIS + OEDEMA
AVONEX,CENTRAL NERVOUS SYSTEM LESION,4,20.53,6.72,62.7,AVONEX + CENTRAL NERVOUS SYSTEM LESION
JAKAFI,DECREASED ACTIVITY,3,20.45,2.13,196.72,JAKAFI + DECREASED ACTIVITY
JAKAFI,BLOOD URIC ACID INCREASED,3,20.45,2.13,196.72,JAKAFI + BLOOD URIC ACID INCREASED
JAKAFI,THROMBOCYTOSIS,3,20.45,2.13,196.72,JAKAFI + THROMBOCYTOSIS
JAKAFI,RASH PAPULAR,3,20.45,2.13,196.72,JAKAFI + RASH PAPULAR
JAKAFI,NON-CARDIAC CHEST PAIN,3,20.45,2.13,196.72,JAKAFI + NON-CARDIAC CHEST PAIN
COPEGUS,PRURITUS,4,20.37,6.67,62.2,COPEGUS + PRURITUS
BEVACIZUMAB,ABDOMINAL PAIN,3,20.36,5.55,74.76,BEVACIZUMAB + ABDOMINAL PAIN
LASIX,MELAENA,3,20.36,5.76,71.89,LASIX + MELAENA
GLEEVEC,DEATH,5,20.32,6.61,62.49,GLEEVEC + DEATH
FISH OIL,NIGHT SWEATS,4,20.2,6.9,59.11,FISH OIL + NIGHT SWEATS
SIMVASTATIN,MELAENA,3,20.16,5.71,71.19,SIMVASTATIN + MELAENA
SIMVASTATIN,MUSCULOSKELETAL STIFFNESS,3,20.16,5.71,71.19,SIMVASTATIN + MUSCULOSKELETAL STIFFNESS
VITAMIN D3,ABDOMINAL DISTENSION,4,20.09,6.91,58.43,VITAMIN D3 + ABDOMINAL DISTENSION
JAKAFI,RED BLOOD CELL COUNT DECREASED,26,20.03,9.36,42.85,JAKAFI + RED BLOOD CELL COUNT DECREASED
PICATO,INCORRECT DOSE ADMINISTERED,3,20.0,5.91,67.63,PICATO + INCORRECT DOSE ADMINISTERED
HUMIRA,RHEUMATOID ARTHRITIS,3,19.98,5.62,71.07,HUMIRA + RHEUMATOID ARTHRITIS
VYTORIN,TYPE 2 DIABETES MELLITUS,5,19.9,5.74,68.97,VYTORIN + TYPE 2 DIABETES MELLITUS
YASMIN,PAIN,10,19.85,9.19,42.85,YASMIN + PAIN
PROCHLORPERAZINE,MALAISE,4,19.81,5.77,68.08,PROCHLORPERAZINE + MALAISE
TRACLEER,CONDITION AGGRAVATED,5,19.8,7.58,51.73,TRACLEER + CONDITION AGGRAVATED
MIRENA,PAIN,21,19.79,11.58,33.81,MIRENA + PAIN
ONDANSETRON,LOCAL SWELLING,3,19.72,5.81,66.98,ONDANSETRON + LOCAL SWELLING
TYSABRI,MEMORY IMPAIRMENT,10,19.71,9.71,40.01,TYSABRI + MEMORY IMPAIRMENT
DIOVAN,CARDIAC DISORDER,3,19.68,5.83,66.41,DIOVAN + CARDIAC DISORDER
DIANEAL LOW CALCIUM,CORONARY ARTERY OCCLUSION,3,19.66,5.17,74.68,DIANEAL LOW CALCIUM + CORONARY ARTERY OCCLUSION
KEPPRA,BALANCE DISORDER,3,19.62,5.81,66.17,KEPPRA + BALANCE DISORDER
ATENOLOL,DRUG WITHDRAWAL SYNDROME,3,19.58,5.74,66.81,ATENOLOL + DRUG WITHDRAWAL SYNDROME
OMEPRAZOLE,TRANSAMINASES INCREASED,3,19.54,5.32,71.72,OMEPRAZOLE + TRANSAMINASES INCREASED
PREDNISONE,ASTHMA,5,19.54,7.22,52.89,PREDNISONE + ASTHMA
AVONEX,STRESS,6,19.53,7.85,48.61,AVONEX + STRESS
XARELTO,GASTROINTESTINAL HAEMORRHAGE,8,19.48,8.96,42.35,XARELTO + GASTROINTESTINAL HAEMORRHAGE
HYDROXYUREA,SPLENOMEGALY,3,19.45,5.76,65.62,HYDROXYUREA + SPLENOMEGALY
BENDROFLUMETHIAZIDE,WEIGHT DECREASED,3,19.41,5.41,69.6,BENDROFLUMETHIAZIDE + WEIGHT DECREASED
HUMIRA,UPPER RESPIRATORY TRACT INFECTION,4,19.4,6.46,58.23,HUMIRA + UPPER RESPIRATORY TRACT INFECTION
LETAIRIS,CATHETERISATION CARDIAC,4,19.39,2.17,173.63,LETAIRIS + CATHETERISATION CARDIAC
MULTIVITAMIN,BURNING SENSATION,3,19.38,5.71,65.8,MULTIVITAMIN + BURNING SENSATION
SIMVASTATIN.,TYPE 2 DIABETES MELLITUS,17,19.25,9.86,37.6,SIMVASTATIN. + TYPE 2 DIABETES MELLITUS
MIRENA,DEPRESSION,10,19.24,9.52,38.91,MIRENA + DEPRESSION
TYVASO,COUGH,44,19.21,13.22,27.91,TYVASO + COUGH
OXYTROL FOR WOMEN,POLLAKIURIA,4,19.06,6.38,56.95,OXYTROL FOR WOMEN + POLLAKIURIA
CELEXA,DEPRESSION,4,19.0,6.4,56.37,CELEXA + DEPRESSION
AVONEX,MEMORY IMPAIRMENT,11,19.0,9.62,37.52,AVONEX + MEMORY IMPAIRMENT
HYDROXYZINE,PRURITUS,3,18.95,5.29,67.96,HYDROXYZINE + PRURITUS
VENTOLIN,PNEUMONIA,4,18.94,6.25,57.43,VENTOLIN + PNEUMONIA
LETAIRIS,PERIPHERAL SWELLING,82,18.89,11.76,30.33,LETAIRIS + PERIPHERAL SWELLING
BISOPROLOL,PYREXIA,8,18.86,8.41,42.29,BISOPROLOL + PYREXIA
FLUOXETINE,PYREXIA,5,18.82,6.81,51.98,FLUOXETINE + PYREXIA
MIRENA,ANXIETY,11,18.71,9.52,36.78,MIRENA + ANXIETY
GLYBURIDE,ANAEMIA,3,18.68,4.8,72.73,GLYBURIDE + ANAEMIA
MELATONIN,ANAEMIA,3,18.68,4.8,72.73,MELATONIN + ANAEMIA
LEVOTHYROXINE.,DIARRHOEA,3,18.68,4.44,78.5,LEVOTHYROXINE. + DIARRHOEA
EVEROLIMUS,FATIGUE,6,18.6,6.22,55.57,EVEROLIMUS + FATIGUE
HYDREA,WHITE BLOOD CELL COUNT INCREASED,4,18.58,6.42,53.75,HYDREA + WHITE BLOOD CELL COUNT INCREASED
ACLASTA,DEATH,9,18.52,8.12,42.26,ACLASTA + DEATH
ATORVASTATIN CALCIUM.,NEUROPATHY PERIPHERAL,3,18.45,5.47,62.25,ATORVASTATIN CALCIUM. + NEUROPATHY PERIPHERAL
SILDENAFIL CITRATE.,DYSPNOEA,3,18.41,3.71,91.42,SILDENAFIL CITRATE. + DYSPNOEA
LEVOTHYROXINE,MUSCULOSKELETAL STIFFNESS,3,18.39,5.21,64.85,LEVOTHYROXINE + MUSCULOSKELETAL STIFFNESS
HYDROXYZINE,INSOMNIA,3,18.38,5.13,65.88,HYDROXYZINE + INSOMNIA
CICLOSPORIN,INSOMNIA,3,18.38,5.13,65.88,CICLOSPORIN + INSOMNIA
JAKAFI,FLATULENCE,29,18.32,9.13,36.77,JAKAFI + FLATULENCE
DIANEAL LOW CALCIUM,DEHYDRATION,15,18.19,9.97,33.21,DIANEAL LOW CALCIUM + DEHYDRATION
FISH OIL,HOT FLUSH,3,18.19,5.34,61.97,FISH OIL + HOT FLUSH
TYSABRI,STRESS,5,18.09,6.8,48.14,TYSABRI + STRESS
MIRAPEX,HEADACHE,3,18.03,4.02,80.85,MIRAPEX + HEADACHE
COZAAR,PYREXIA,3,17.86,4.87,65.49,COZAAR + PYREXIA
IRBESARTAN,NAUSEA,3,17.85,4.25,75.0,IRBESARTAN + NAUSEA
PROCHLORPERAZINE,DIARRHOEA,4,17.84,5.2,61.27,PROCHLORPERAZINE + DIARRHOEA
PREDNISONE,INFLAMMATION,3,17.77,5.0,63.11,PREDNISONE + INFLAMMATION
LANSOPRAZOLE,PYREXIA,7,17.77,7.55,41.83,LANSOPRAZOLE + PYREXIA
CITALOPRAM,EXPOSURE DURING PREGNANCY,3,17.76,5.25,60.06,CITALOPRAM + EXPOSURE DURING PREGNANCY
LAMICTAL,LOSS OF CONSCIOUSNESS,3,17.74,5.23,60.18,LAMICTAL + LOSS OF CONSCIOUSNESS
PICATO GEL,OFF LABEL USE,3,17.71,4.94,63.45,PICATO GEL + OFF LABEL USE
DIAZEPAM,BLOOD PRESSURE INCREASED,3,17.7,5.25,59.68,DIAZEPAM + BLOOD PRESSURE INCREASED
CETIRIZINE,HYPERHIDROSIS,3,17.7,5.25,59.68,CETIRIZINE + HYPERHIDROSIS
AVASTIN,HYPERTENSION,3,17.67,5.17,60.43,AVASTIN + HYPERTENSION
AVONEX,INFLUENZA LIKE ILLNESS,8,17.62,8.03,38.68,AVONEX + INFLUENZA LIKE ILLNESS
AMBIEN,EMOTIONAL DISTRESS,3,17.49,5.2,58.83,AMBIEN + EMOTIONAL DISTRESS
REVLIMID,NEUTROPENIA,4,17.48,6.02,50.79,REVLIMID + NEUTROPENIA
MOTRIN,ARTHRALGIA,3,17.47,4.96,61.56,MOTRIN + ARTHRALGIA
AUBAGIO,HYPOAESTHESIA,3,17.46,5.09,59.85,AUBAGIO + HYPOAESTHESIA
AMIODARONE,TREMOR,3,17.45,5.13,59.38,AMIODARONE + TREMOR
SOLIRIS,HAEMOGLOBIN DECREASED,8,17.4,7.81,38.76,SOLIRIS + HAEMOGLOBIN DECREASED
MULTIVITAMIN,NIGHT SWEATS,3,17.37,5.15,58.61,MULTIVITAMIN + NIGHT SWEATS
HUMIRA,LYMPHADENOPATHY,3,17.31,4.94,60.62,HUMIRA + LYMPHADENOPATHY
LOSARTAN,URINARY TRACT INFECTION,7,17.26,7.61,39.15,LOSARTAN + URINARY TRACT INFECTION
HYDROCODONE,ARTHRALGIA,5,17.25,6.47,45.97,HYDROCODONE + ARTHRALGIA
IBUPROFEN,DEEP VEIN THROMBOSIS,4,17.21,5.96,49.68,IBUPROFEN + DEEP VEIN THROMBOSIS
BENDROFLUMETHIAZIDE,WEIGHT INCREASED,3,17.21,4.8,61.63,BENDROFLUMETHIAZIDE + WEIGHT INCREASED
BACTRIM,DRUG HYPERSENSITIVITY,3,17.16,4.9,60.08,BACTRIM + DRUG HYPERSENSITIVITY
CLONAZEPAM,THROMBOCYTOPENIA,3,17.15,5.1,57.63,CLONAZEPAM + THROMBOCYTOPENIA
TYVASO,DYSPHONIA,5,17.11,6.2,47.21,TYVASO + DYSPHONIA
METRONIDAZOLE,PYREXIA,4,17.1,5.57,52.52,METRONIDAZOLE + PYREXIA
SEROQUEL,LOSS OF CONSCIOUSNESS,3,17.06,5.04,57.72,SEROQUEL + LOSS OF CONSCIOUSNESS
ASPIRIN,INCREASED TENDENCY TO BRUISE,3,17.03,4.24,68.43,ASPIRIN + INCREASED TENDENCY TO BRUISE
LEXAPRO,INJURY,3,17.01,5.07,57.09,LEXAPRO + INJURY
LEVOXYL,HAEMOGLOBIN DECREASED,4,17.0,5.54,52.19,LEVOXYL + HAEMOGLOBIN DECREASED
ATENOLOL,FLATULENCE,4,16.91,5.85,48.89,ATENOLOL + FLATULENCE
SUBOXONE,HYPERSENSITIVITY,3,16.72,4.93,56.74,SUBOXONE + HYPERSENSITIVITY
GILENYA,MULTIPLE SCLEROSIS RELAPSE,3,16.66,4.96,55.9,GILENYA + MULTIPLE SCLEROSIS RELAPSE
DIANEAL LOW CALCIUM (ULTRABAG),DEHYDRATION,5,16.65,6.42,43.23,DIANEAL LOW CALCIUM (ULTRABAG) + DEHYDRATION
YAZ,ANXIETY,8,16.64,7.65,36.22,YAZ + ANXIETY
DEPAKOTE,HALLUCINATION,3,16.63,4.72,58.58,DEPAKOTE + HALLUCINATION
FINASTERIDE,WEIGHT DECREASED,3,16.63,4.72,58.58,FINASTERIDE + WEIGHT DECREASED
NORCO,HYPOAESTHESIA,3,16.62,4.87,56.78,NORCO + HYPOAESTHESIA
LORAZEPAM,DRUG INTERACTION,7,16.54,7.2,37.98,LORAZEPAM + DRUG INTERACTION
OMEPRAZOLE,HAEMATOCRIT DECREASED,5,16.49,6.11,44.51,OMEPRAZOLE + HAEMATOCRIT DECREASED
SYNTHROID,HAEMATOCHEZIA,3,16.44,4.7,57.52,SYNTHROID + HAEMATOCHEZIA
DULERA,COUGH,3,16.4,4.41,61.02,DULERA + COUGH
SEROQUEL,SOMNOLENCE,4,16.29,5.56,47.69,SEROQUEL + SOMNOLENCE
ADVIL,PULMONARY EMBOLISM,3,16.25,4.83,54.63,ADVIL + PULMONARY EMBOLISM
BUSULFAN,DRUG INEFFECTIVE,5,16.22,4.93,53.35,BUSULFAN + DRUG INEFFECTIVE
DENOSUMAB,FATIGUE,3,16.17,3.61,72.46,DENOSUMAB + FATIGUE
BUMETANIDE,FATIGUE,3,16.17,3.61,72.46,BUMETANIDE + FATIGUE
TEMAZEPAM,HAEMOGLOBIN DECREASED,3,16.13,4.46,58.36,TEMAZEPAM + HAEMOGLOBIN DECREASED
ASPIRIN.,GAIT DISTURBANCE,4,16.04,5.52,46.61,ASPIRIN. + GAIT DISTURBANCE
AVONEX,MULTIPLE SCLEROSIS RELAPSE,9,15.97,7.64,33.39,AVONEX + MULTIPLE SCLEROSIS RELAPSE
METOPROLOL,DISORIENTATION,3,15.95,4.58,55.47,METOPROLOL + DISORIENTATION
PROMETHAZINE,HAEMOGLOBIN DECREASED,4,15.86,5.21,48.31,PROMETHAZINE + HAEMOGLOBIN DECREASED
LOSARTAN,MYALGIA,5,15.84,6.11,41.04,LOSARTAN + MYALGIA
FLUOROURACIL,CHEST PAIN,4,15.78,5.33,46.66,FLUOROURACIL + CHEST PAIN
SYNTHROID,HAEMATOCRIT DECREASED,4,15.78,5.33,46.66,SYNTHROID + HAEMATOCRIT DECREASED
FUROSEMIDE.,OEDEMA PERIPHERAL,5,15.71,5.96,41.43,FUROSEMIDE. + OEDEMA PERIPHERAL
ALEVE,DEPRESSION,3,15.6,4.54,53.55,ALEVE + DEPRESSION
LOMOTIL,DIARRHOEA,3,15.56,3.87,62.51,LOMOTIL + DIARRHOEA
LOPRESSOR,DIARRHOEA,3,15.56,3.87,62.51,LOPRESSOR + DIARRHOEA
ZOLOFT,DRUG HYPERSENSITIVITY,8,15.55,7.17,33.72,ZOLOFT + DRUG HYPERSENSITIVITY
GASTROGRAFIN,DRUG INEFFECTIVE,4,15.55,4.16,58.07,GASTROGRAFIN + DRUG INEFFECTIVE
ATORVASTATIN,MYALGIA,6,15.48,6.45,37.17,ATORVASTATIN + MYALGIA
SUTENT,DEATH,8,15.44,6.61,36.07,SUTENT + DEATH
TAXOTERE,ASTHENIA,4,15.29,4.89,47.8,TAXOTERE + ASTHENIA
PRADAXA,CEREBROVASCULAR ACCIDENT,6,15.28,6.37,36.63,PRADAXA + CEREBROVASCULAR ACCIDENT
MIRALAX,ABDOMINAL DISTENSION,3,15.26,4.55,51.15,MIRALAX + ABDOMINAL DISTENSION
NOVOLOG,ASTHENIA,3,15.22,4.09,56.63,NOVOLOG + ASTHENIA
PREDNISOLONE,CONDITION AGGRAVATED,4,15.22,5.3,43.68,PREDNISOLONE + CONDITION AGGRAVATED
VYVANSE,OVERDOSE,3,15.18,4.31,53.4,VYVANSE + OVERDOSE
XELJANZ,PRURITUS,3,15.16,4.34,52.99,XELJANZ + PRURITUS
HYDREA,FLATULENCE,3,15.16,4.53,50.68,HYDREA + FLATULENCE
AUBAGIO,DRUG DOSE OMISSION,3,15.12,4.42,51.72,AUBAGIO + DRUG DOSE OMISSION
RISPERIDONE,SOMNOLENCE,3,15.12,4.42,51.72,RISPERIDONE + SOMNOLENCE
YAZ,MIGRAINE,3,15.1,4.52,50.45,YAZ + MIGRAINE
WARFARIN,HAEMORRHAGE,7,15.07,6.66,34.1,WARFARIN + HAEMORRHAGE
METOCLOPRAMIDE,DRUG INTERACTION,3,15.03,4.32,52.24,METOCLOPRAMIDE + DRUG INTERACTION
LETAIRIS,UNEVALUABLE EVENT,83,15.02,9.75,23.13,LETAIRIS + UNEVALUABLE EVENT
OXYCONTIN,DECREASED APPETITE,3,14.99,4.37,51.44,OXYCONTIN + DECREASED APPETITE
CITALOPRAM,DRUG ABUSE,3,14.97,4.47,50.19,CITALOPRAM + DRUG ABUSE
PRADAXA,GASTROINTESTINAL HAEMORRHAGE,5,14.94,5.78,38.63,PRADAXA + GASTROINTESTINAL HAEMORRHAGE
FOSAMAX,PAIN IN EXTREMITY,4,14.92,5.03,44.24,FOSAMAX + PAIN IN EXTREMITY
ALLOPURINOL,HAEMATOCRIT DECREASED,4,14.89,5.04,44.0,ALLOPURINOL + HAEMATOCRIT DECREASED
ZOLPIDEM,HAEMOGLOBIN DECREASED,4,14.87,4.92,44.96,ZOLPIDEM + HAEMOGLOBIN DECREASED
AMBIEN,DEEP VEIN THROMBOSIS,3,14.86,4.45,49.62,AMBIEN + DEEP VEIN THROMBOSIS
CARVEDILOL,GASTROINTESTINAL HAEMORRHAGE,3,14.81,4.43,49.57,CARVEDILOL + GASTROINTESTINAL HAEMORRHAGE
ZYPREXA,WEIGHT INCREASED,3,14.75,4.19,51.87,ZYPREXA + WEIGHT INCREASED
BENADRYL,INSOMNIA,3,14.7,4.21,51.37,BENADRYL + INSOMNIA
DIGOXIN,DRUG INTERACTION,4,14.68,4.98,43.25,DIGOXIN + DRUG INTERACTION
WARFARIN,HAEMATURIA,3,14.65,4.31,49.8,WARFARIN + HAEMATURIA
NEURONTIN,DEHYDRATION,3,14.64,4.38,48.94,NEURONTIN + DEHYDRATION
KLOR-CON,ANAEMIA,4,14.59,4.67,45.59,KLOR-CON + ANAEMIA
IBUPROFEN,ADVERSE EVENT,3,14.56,4.35,48.71,IBUPROFEN + ADVERSE EVENT
IBUPROFEN,ARTHRITIS,3,14.56,4.35,48.71,IBUPROFEN + ARTHRITIS
AZACITIDINE,DRUG INEFFECTIVE,3,14.55,3.25,65.17,AZACITIDINE + DRUG INEFFECTIVE
MOTRIN,ABDOMINAL PAIN,3,14.54,4.13,51.14,MOTRIN + ABDOMINAL PAIN
LETAIRIS,TOOTH EXTRACTION,3,14.54,1.51,139.84,LETAIRIS + TOOTH EXTRACTION
ERLOTINIB TABLET,MALIGNANT NEOPLASM PROGRESSION,3,14.3,4.27,47.91,ERLOTINIB TABLET + MALIGNANT NEOPLASM PROGRESSION
LEVOTHYROXINE,SKIN DISCOLOURATION,3,14.3,4.15,49.2,LEVOTHYROXINE + SKIN DISCOLOURATION
AMPYRA,FALL,4,14.26,4.75,42.84,AMPYRA + FALL
COMBIVENT,OFF LABEL USE,4,14.26,4.81,42.26,COMBIVENT + OFF LABEL USE
VALIUM,DECREASED APPETITE,3,14.24,4.17,48.66,VALIUM + DECREASED APPETITE
NORCO,DEPRESSION,3,14.11,4.14,48.06,NORCO + DEPRESSION
DEXAMETHASONE,SWELLING FACE,3,14.11,4.23,47.05,DEXAMETHASONE + SWELLING FACE
VICODIN,PULMONARY EMBOLISM,3,13.99,4.19,46.68,VICODIN + PULMONARY EMBOLISM
TOPROL XL,HYPOAESTHESIA,3,13.96,4.14,47.11,TOPROL XL + HYPOAESTHESIA
KLOR-CON,PLATELET COUNT DECREASED,3,13.9,3.92,49.26,KLOR-CON + PLATELET COUNT DECREASED
CORICIDIN HBP COLD AND FLU,DRUG INEFFECTIVE,28,13.9,8.52,22.68,CORICIDIN HBP COLD AND FLU + DRUG INEFFECTIVE
PROCRIT,HAEMOGLOBIN DECREASED,6,13.88,5.64,34.18,PROCRIT + HAEMOGLOBIN DECREASED
ATORVASTATIN,DYSGEUSIA,4,13.87,4.83,39.87,ATORVASTATIN + DYSGEUSIA
COZAAR,DIARRHOEA,4,13.87,4.25,45.3,COZAAR + DIARRHOEA
DOCETAXEL,DIARRHOEA,4,13.87,4.25,45.3,DOCETAXEL + DIARRHOEA
BEVACIZUMAB,VOMITING,3,13.83,3.78,50.62,BEVACIZUMAB + VOMITING
ULORIC,DIZZINESS,3,13.77,3.43,55.3,ULORIC + DIZZINESS
BENADRYL,WEIGHT INCREASED,3,13.76,3.94,48.06,BENADRYL + WEIGHT INCREASED
XARELTO,INCORRECT DOSE ADMINISTERED,5,13.76,5.32,35.55,XARELTO + INCORRECT DOSE ADMINISTERED
JAKAFI,GOUT,12,13.72,5.14,36.62,JAKAFI + GOUT
SYNTHROID,RENAL IMPAIRMENT,3,13.69,3.98,47.1,SYNTHROID + RENAL IMPAIRMENT
TECFIDERA,MOBILITY DECREASED,7,13.69,5.83,32.12,TECFIDERA + MOBILITY DECREASED
ALLEGRA,HAEMOGLOBIN DECREASED,3,13.65,3.85,48.35,ALLEGRA + HAEMOGLOBIN DECREASED
VITAMIN D                          /00107901/,HAEMOGLOBIN DECREASED,3,13.65,3.85,48.35,VITAMIN D                          /00107901/ + HAEMOGLOBIN DECREASED
KLOR-CON,HAEMOGLOBIN DECREASED,3,13.65,3.85,48.35,KLOR-CON + HAEMOGLOBIN DECREASED
METFORMIN,RENAL FAILURE,5,13.57,5.19,35.52,METFORMIN + RENAL FAILURE
ADVAIR HFA,ABDOMINAL PAIN,3,13.57,3.89,47.38,ADVAIR HFA + ABDOMINAL PAIN
FUROSEMIDE,GASTROINTESTINAL HAEMORRHAGE,6,13.54,5.67,32.36,FUROSEMIDE + GASTROINTESTINAL HAEMORRHAGE
PAXIL,DRUG HYPERSENSITIVITY,3,13.54,3.95,46.4,PAXIL + DRUG HYPERSENSITIVITY
CETIRIZINE 10 MG,SOMNOLENCE,6,13.53,5.64,32.43,CETIRIZINE 10 MG + SOMNOLENCE
WELLBUTRIN,DEPRESSION,3,13.47,3.97,45.72,WELLBUTRIN + DEPRESSION
BABY ASPIRIN,HYPOAESTHESIA,3,13.42,3.99,45.19,BABY ASPIRIN + HYPOAESTHESIA
OXYTROL FOR WOMEN,DRUG INEFFECTIVE,44,13.4,9.08,19.79,OXYTROL FOR WOMEN + DRUG INEFFECTIVE
LETAIRIS,SINUS CONGESTION,11,13.38,4.26,42.08,LETAIRIS + SINUS CONGESTION
SUBOXONE,VOMITING,6,13.35,5.33,33.41,SUBOXONE + VOMITING
MECLIZINE,DIARRHOEA,3,13.34,3.43,51.82,MECLIZINE + DIARRHOEA
ACETYLSALICYLIC ACID,PYREXIA,4,13.3,4.45,39.73,ACETYLSALICYLIC ACID + PYREXIA
BEVACIZUMAB,NAUSEA,4,13.26,4.06,43.27,BEVACIZUMAB + NAUSEA
LEXAPRO,PULMONARY EMBOLISM,3,13.25,3.98,44.11,LEXAPRO + PULMONARY EMBOLISM
CISPLATIN,CHEST PAIN,4,13.25,4.54,38.65,CISPLATIN + CHEST PAIN
JAKAFI,NIGHT SWEATS,21,13.18,6.34,27.41,JAKAFI + NIGHT SWEATS
VITAMIN B12,URINARY TRACT INFECTION,3,13.11,3.92,43.86,VITAMIN B12 + URINARY TRACT INFECTION
DIANEAL LOW CALCIUM,DISCOMFORT,3,13.1,3.67,46.8,DIANEAL LOW CALCIUM + DISCOMFORT
COZAAR,ANAEMIA,3,13.08,3.57,47.83,COZAAR + ANAEMIA
WELLBUTRIN,ABDOMINAL PAIN,4,13.0,4.41,38.36,WELLBUTRIN + ABDOMINAL PAIN
COUMADIN                           /00014802/,DEATH,4,12.96,4.04,41.56,COUMADIN                           /00014802/ + DEATH
VOTRIENT,DEATH,4,12.96,4.04,41.56,VOTRIENT + DEATH
PROAIR HFA,DRUG INEFFECTIVE,4,12.95,3.64,46.05,PROAIR HFA + DRUG INEFFECTIVE
LOSARTAN,FLATULENCE,3,12.94,3.89,43.1,LOSARTAN + FLATULENCE
ATENOLOL.,FATIGUE,3,12.93,3.08,54.29,ATENOLOL. + FATIGUE
CALCIUM WITH VITAMIN D,FATIGUE,3,12.93,3.08,54.29,CALCIUM WITH VITAMIN D + FATIGUE
PLAVIX,GASTROINTESTINAL HAEMORRHAGE,5,12.92,5.02,33.26,PLAVIX + GASTROINTESTINAL HAEMORRHAGE
AMBIEN,INJURY,3,12.91,3.89,42.9,AMBIEN + INJURY
REVATIO,SINUS DISORDER,4,12.91,4.25,39.24,REVATIO + SINUS DISORDER
GABAPENTIN.,PAIN,3,12.88,3.47,47.86,GABAPENTIN. + PAIN
HYDROCHLOROTHIAZIDE.,PAIN,3,12.88,3.47,47.86,HYDROCHLOROTHIAZIDE. + PAIN
ARAVA,PAIN,3,12.88,3.47,47.86,ARAVA + PAIN
EXEMESTANE,PAIN,3,12.88,3.47,47.86,EXEMESTANE + PAIN
OXYTROL FOR WOMEN,WRONG TECHNIQUE IN DRUG USAGE PROCESS,6,12.84,5.35,30.8,OXYTROL FOR WOMEN + WRONG TECHNIQUE IN DRUG USAGE PROCESS
XARELTO,DEEP VEIN THROMBOSIS,4,12.82,4.48,36.74,XARELTO + DEEP VEIN THROMBOSIS
AVONEX,INJECTION SITE PAIN,4,12.82,4.38,37.47,AVONEX + INJECTION SITE PAIN
MELATONIN,NAUSEA,3,12.75,3.28,49.51,MELATONIN + NAUSEA
SPIRIVA,CHRONIC OBSTRUCTIVE PULMONARY DISEASE,3,12.73,3.77,42.97,SPIRIVA + CHRONIC OBSTRUCTIVE PULMONARY DISEASE
ARANESP,PLATELET COUNT DECREASED,8,12.72,5.85,27.65,ARANESP + PLATELET COUNT DECREASED
ZOMIG,DRUG INTERACTION,3,12.65,3.7,43.31,ZOMIG + DRUG INTERACTION
FOLIC ACID,FOETAL EXPOSURE DURING PREGNANCY,5,12.64,4.85,32.94,FOLIC ACID + FOETAL EXPOSURE DURING PREGNANCY
TRAMADOL,ABDOMINAL DISTENSION,3,12.58,3.79,41.81,TRAMADOL + ABDOMINAL DISTENSION
LEVOTHYROXINE,SPLENOMEGALY,6,12.55,5.23,30.12,LEVOTHYROXINE + SPLENOMEGALY
STELARA,PNEUMONIA,3,12.53,3.65,43.05,STELARA + PNEUMONIA
DOXORUBICIN,PNEUMONIA,3,12.53,3.65,43.05,DOXORUBICIN + PNEUMONIA
LYRICA,DRUG INTOLERANCE,6,12.5,5.11,30.58,LYRICA + DRUG INTOLERANCE
NEXIUM,BONE PAIN,3,12.49,3.76,41.47,NEXIUM + BONE PAIN
HYDROXYUREA,DISEASE PROGRESSION,3,12.47,3.74,41.55,HYDROXYUREA + DISEASE PROGRESSION
POMALYST,ASTHENIA,3,12.45,3.45,44.96,POMALYST + ASTHENIA
JAKAFI,CONTUSION,56,12.4,8.0,19.22,JAKAFI + CONTUSION
SPIRIVA,PRODUCT QUALITY ISSUE,10,12.39,6.24,24.61,SPIRIVA + PRODUCT QUALITY ISSUE
LASIX,RECTAL HAEMORRHAGE,3,12.38,3.66,41.87,LASIX + RECTAL HAEMORRHAGE
SERTRALINE,ALOPECIA,3,12.31,3.7,40.94,SERTRALINE + ALOPECIA
SANDOSTATIN LAR DEPOT,DYSPNOEA,4,12.29,3.46,43.69,SANDOSTATIN LAR DEPOT + DYSPNOEA
NORCO,ANXIETY,3,12.25,3.6,41.64,NORCO + ANXIETY
DIANEAL LOW CALCIUM (ULTRABAG),HYPOTENSION,6,12.22,5.12,29.15,DIANEAL LOW CALCIUM (ULTRABAG) + HYPOTENSION
LIPITOR,NEUROPATHY PERIPHERAL,23,12.21,7.1,21.0,LIPITOR + NEUROPATHY PERIPHERAL
ONDANSETRON,VOMITING,6,12.18,4.91,30.24,ONDANSETRON + VOMITING
HYDREA,WRONG TECHNIQUE IN DRUG USAGE PROCESS,3,12.18,3.67,40.39,HYDREA + WRONG TECHNIQUE IN DRUG USAGE PROCESS
NORVASC,DRUG HYPERSENSITIVITY,7,12.16,5.4,27.38,NORVASC + DRUG HYPERSENSITIVITY
JAKAFI,BONE PAIN,28,12.14,6.55,22.51,JAKAFI + BONE PAIN
LETAIRIS,OXYGEN SUPPLEMENTATION,5,12.13,2.35,62.56,LETAIRIS + OXYGEN SUPPLEMENTATION
ZOLOFT,HYPOAESTHESIA,5,12.13,4.71,31.2,ZOLOFT + HYPOAESTHESIA
METHOTREXATE,FEBRILE NEUTROPENIA,3,12.1,3.59,40.81,METHOTREXATE + FEBRILE NEUTROPENIA
SEROQUEL,MUSCLE SPASMS,3,12.0,3.57,40.31,SEROQUEL + MUSCLE SPASMS
KEPPRA,MALIGNANT NEOPLASM PROGRESSION,3,11.97,3.6,39.78,KEPPRA + MALIGNANT NEOPLASM PROGRESSION
NEXIUM,ABDOMINAL DISTENSION,4,11.96,4.2,34.03,NEXIUM + ABDOMINAL DISTENSION
NEURONTIN,CEREBROVASCULAR ACCIDENT,3,11.94,3.59,39.72,NEURONTIN + CEREBROVASCULAR ACCIDENT
PREDNISONE.,PAIN IN EXTREMITY,4,11.93,4.09,34.75,PREDNISONE. + PAIN IN EXTREMITY
DEPAKOTE,FOETAL EXPOSURE DURING PREGNANCY,5,11.92,4.58,31.05,DEPAKOTE + FOETAL EXPOSURE DURING PREGNANCY
BENADRYL,PYREXIA,3,11.9,3.41,41.5,BENADRYL + PYREXIA
FLUCONAZOLE,PYREXIA,3,11.9,3.41,41.5,FLUCONAZOLE + PYREXIA
COLCHICINE,ANAEMIA,3,11.89,3.29,42.9,COLCHICINE + ANAEMIA
MELATONIN,DIZZINESS,3,11.8,3.04,45.84,MELATONIN + DIZZINESS
CARDURA,DIZZINESS,3,11.8,3.04,45.84,CARDURA + DIZZINESS
TRAMADOL,HAEMOGLOBIN DECREASED,7,11.76,5.16,26.81,TRAMADOL + HAEMOGLOBIN DECREASED
SPIRIVA,DRUG ADMINISTRATION ERROR,3,11.75,3.5,39.46,SPIRIVA + DRUG ADMINISTRATION ERROR
SYNTHROID,STOMATITIS,3,11.73,3.45,39.86,SYNTHROID + STOMATITIS
OMEPRAZOLE.,CHEST PAIN,3,11.73,3.45,39.86,OMEPRAZOLE. + CHEST PAIN
XARELTO,HAEMORRHAGE,5,11.71,4.56,30.06,XARELTO + HAEMORRHAGE
VITAMIN E,ANAEMIA,4,11.67,3.84,35.44,VITAMIN E + ANAEMIA
NICOTINE,DRUG INEFFECTIVE,3,11.64,2.77,48.83,NICOTINE + DRUG INEFFECTIVE
GILENYA,URINARY TRACT INFECTION,3,11.61,3.49,38.6,GILENYA + URINARY TRACT INFECTION
EVEROLIMUS,PAIN,3,11.59,3.17,42.37,EVEROLIMUS + PAIN
NEXPLANON,PRODUCT QUALITY ISSUE,3,11.55,3.44,38.72,NEXPLANON + PRODUCT QUALITY ISSUE
EXEMESTANE,MALAISE,3,11.51,3.1,42.76,EXEMESTANE + MALAISE
LYRICA,DRUG EFFECT INCOMPLETE,3,11.47,3.29,40.0,LYRICA + DRUG EFFECT INCOMPLETE
JAKAFI,WHITE BLOOD CELL COUNT INCREASED,28,11.43,6.24,20.94,JAKAFI + WHITE BLOOD CELL COUNT INCREASED
SEROQUEL,OFF LABEL USE,4,11.4,3.92,33.2,SEROQUEL + OFF LABEL USE
SERTRALINE,DEPRESSION,4,11.38,3.97,32.64,SERTRALINE + DEPRESSION
DIOVAN,GAIT DISTURBANCE,4,11.33,3.97,32.33,DIOVAN + GAIT DISTURBANCE
FISH OIL,FLATULENCE,3,11.29,3.4,37.48,FISH OIL + FLATULENCE
XARELTO,CEREBROVASCULAR ACCIDENT,6,11.29,4.76,26.79,XARELTO + CEREBROVASCULAR ACCIDENT
HUMIRA,RECTAL HAEMORRHAGE,3,11.28,3.34,38.11,HUMIRA + RECTAL HAEMORRHAGE
PROCRIT,PLATELET COUNT DECREASED,5,11.28,4.29,29.66,PROCRIT + PLATELET COUNT DECREASED
EFFEXOR,DRUG HYPERSENSITIVITY,3,11.18,3.31,37.77,EFFEXOR + DRUG HYPERSENSITIVITY
CARBOPLATIN,OFF LABEL USE,3,11.18,3.27,38.2,CARBOPLATIN + OFF LABEL USE
LEVOTHYROXINE,BONE PAIN,5,11.17,4.32,28.86,LEVOTHYROXINE + BONE PAIN
DIAZEPAM,DRUG INTERACTION,4,11.13,3.85,32.14,DIAZEPAM + DRUG INTERACTION
ALEVE CAPLET,DRUG INEFFECTIVE,4,11.1,3.24,38.05,ALEVE CAPLET + DRUG INEFFECTIVE
FUROSEMIDE,RENAL FAILURE,3,11.09,3.33,36.9,FUROSEMIDE + RENAL FAILURE
VITAMIN E,HAEMOGLOBIN DECREASED,3,11.09,3.2,38.41,VITAMIN E + HAEMOGLOBIN DECREASED
FERROUS SULFATE,HAEMOGLOBIN DECREASED,3,11.09,3.2,38.41,FERROUS SULFATE + HAEMOGLOBIN DECREASED
TECFIDERA,HOT FLUSH,5,11.07,4.13,29.64,TECFIDERA + HOT FLUSH
OXALIPLATIN,VOMITING,5,11.07,4.13,29.64,OXALIPLATIN + VOMITING
FISH OIL,DYSGEUSIA,3,10.99,3.32,36.45,FISH OIL + DYSGEUSIA
DEXAMETHASONE,RENAL FAILURE ACUTE,3,10.99,3.33,36.33,DEXAMETHASONE + RENAL FAILURE ACUTE
AVONEX,NERVOUSNESS,4,10.98,3.8,31.76,AVONEX + NERVOUSNESS
DIGOXIN,ASTHENIA,5,10.96,4.1,29.35,DIGOXIN + ASTHENIA
YAZ,PAIN,11,10.94,5.55,21.57,YAZ + PAIN
PREDNISONE.,ABDOMINAL PAIN,4,10.92,3.75,31.78,PREDNISONE. + ABDOMINAL PAIN
ALEVE,WEIGHT INCREASED,3,10.86,3.18,37.11,ALEVE + WEIGHT INCREASED
ASPIRIN,HAEMATOCRIT DECREASED,6,10.85,4.3,27.39,ASPIRIN + HAEMATOCRIT DECREASED
LITHIUM,NAUSEA,4,10.84,3.43,34.23,LITHIUM + NAUSEA
KEPPRA,TREMOR,3,10.83,3.27,35.91,KEPPRA + TREMOR
AMPYRA,ASTHENIA,4,10.79,3.6,32.33,AMPYRA + ASTHENIA
SINGULAIR,SINUSITIS,3,10.78,3.26,35.65,SINGULAIR + SINUSITIS
LOMOTIL,FATIGUE,3,10.78,2.69,43.23,LOMOTIL + FATIGUE
ULORIC,FATIGUE,3,10.78,2.69,43.23,ULORIC + FATIGUE
METFORMIN,BLOOD GLUCOSE INCREASED,4,10.77,3.74,30.99,METFORMIN + BLOOD GLUCOSE INCREASED
OMEPRAZOLE.,PNEUMONIA,3,10.74,3.16,36.44,OMEPRAZOLE. + PNEUMONIA
OXALIPLATIN,CHEST PAIN,3,10.71,3.17,36.15,OXALIPLATIN + CHEST PAIN
COZAAR,HEADACHE,4,10.71,3.28,34.92,COZAAR + HEADACHE
HUMIRA,MYOCARDIAL INFARCTION,6,10.63,4.47,25.3,HUMIRA + MYOCARDIAL INFARCTION
DABIGATRAN,EPISTAXIS,4,10.63,3.75,30.14,DABIGATRAN + EPISTAXIS
JAKAFI,WHITE BLOOD CELL COUNT DECREASED,29,10.6,5.92,18.95,JAKAFI + WHITE BLOOD CELL COUNT DECREASED
OXYCODONE,BACK PAIN,4,10.59,3.71,30.24,OXYCODONE + BACK PAIN
VITAMIN D3,PARAESTHESIA,3,10.59,3.19,35.13,VITAMIN D3 + PARAESTHESIA
PEGASYS,DEPRESSION,3,10.57,3.16,35.35,PEGASYS + DEPRESSION
DEXAMETHASONE,NEUROPATHY PERIPHERAL,3,10.57,3.2,34.88,DEXAMETHASONE + NEUROPATHY PERIPHERAL
ALLOPURINOL,PLATELET COUNT DECREASED,18,10.56,6.25,17.82,ALLOPURINOL + PLATELET COUNT DECREASED
VICTRELIS,ASTHENIA,3,10.54,2.98,37.24,VICTRELIS + ASTHENIA
CARDIZEM,ASTHENIA,3,10.54,2.98,37.24,CARDIZEM + ASTHENIA
OXYGEN,DYSPNOEA,4,10.53,3.07,36.1,OXYGEN + DYSPNOEA
VENTOLIN HFA,DYSPNOEA,4,10.53,3.07,36.1,VENTOLIN HFA + DYSPNOEA
AVONEX,ADVERSE DRUG REACTION,3,10.41,3.08,35.21,AVONEX + ADVERSE DRUG REACTION
TRACLEER,HAEMORRHAGE,3,10.39,3.15,34.27,TRACLEER + HAEMORRHAGE
HUMIRA,INJECTION SITE PAIN,3,10.38,3.09,34.86,HUMIRA + INJECTION SITE PAIN
GABAPENTIN.,DIARRHOEA,3,10.37,2.79,38.5,GABAPENTIN. + DIARRHOEA
EXEMESTANE,DIARRHOEA,3,10.37,2.79,38.5,EXEMESTANE + DIARRHOEA
LEVEMIR,DIARRHOEA,3,10.37,2.79,38.5,LEVEMIR + DIARRHOEA
EVEROLIMUS,MALAISE,3,10.36,2.84,37.86,EVEROLIMUS + MALAISE
RAMIPRIL,FEELING ABNORMAL,5,10.33,4.0,26.67,RAMIPRIL + FEELING ABNORMAL
SIMVASTATIN,GASTROINTESTINAL HAEMORRHAGE,6,10.33,4.35,24.52,SIMVASTATIN + GASTROINTESTINAL HAEMORRHAGE
EFFEXOR XR,FEELING ABNORMAL,4,10.32,3.59,29.69,EFFEXOR XR + FEELING ABNORMAL
CITALOPRAM,DEPRESSION,6,10.31,4.35,24.46,CITALOPRAM + DEPRESSION
VITAMIN B12,HAEMOGLOBIN DECREASED,5,10.3,3.94,26.96,VITAMIN B12 + HAEMOGLOBIN DECREASED
MELATONIN,HEADACHE,3,10.3,2.65,39.99,MELATONIN + HEADACHE
GLUCOPHAGE,HEADACHE,3,10.3,2.65,39.99,GLUCOPHAGE + HEADACHE
JAKAFI,THERAPEUTIC RESPONSE UNEXPECTED,12,10.29,4.2,25.22,JAKAFI + THERAPEUTIC RESPONSE UNEXPECTED
JAKAFI,MEDICATION ERROR,12,10.29,4.2,25.22,JAKAFI + MEDICATION ERROR
TECFIDERA,MULTIPLE SCLEROSIS,4,10.29,3.45,30.66,TECFIDERA + MULTIPLE SCLEROSIS
LEVOTHYROXINE,INCREASED APPETITE,3,10.29,3.06,34.55,LEVOTHYROXINE + INCREASED APPETITE
ASPIRIN,TRANSAMINASES INCREASED,3,10.21,2.8,37.31,ASPIRIN + TRANSAMINASES INCREASED
ASPIRIN,WITHDRAWAL SYNDROME,3,10.21,2.8,37.31,ASPIRIN + WITHDRAWAL SYNDROME
PROCRIT,ANAEMIA,6,10.18,4.15,24.98,PROCRIT + ANAEMIA
ADCIRCA,THROAT IRRITATION,6,10.15,4.08,25.24,ADCIRCA + THROAT IRRITATION
NORCO,OFF LABEL USE,3,10.11,2.98,34.29,NORCO + OFF LABEL USE
LAMICTAL,FALL,4,10.09,3.46,29.42,LAMICTAL + FALL
CLOZARIL,PNEUMONIA,4,10.09,3.5,29.05,CLOZARIL + PNEUMONIA
ALLOPURINOL,BONE PAIN,5,10.08,3.91,26.01,ALLOPURINOL + BONE PAIN
DEPAKOTE,SUICIDAL IDEATION,4,10.08,3.5,28.97,DEPAKOTE + SUICIDAL IDEATION
FUROSEMIDE,RENAL FAILURE ACUTE,4,10.07,3.55,28.56,FUROSEMIDE + RENAL FAILURE ACUTE
PREDNISONE.,RASH,4,10.07,3.46,29.27,PREDNISONE. + RASH
WARFARIN,CARDIAC FAILURE CONGESTIVE,3,10.06,3.03,33.44,WARFARIN + CARDIAC FAILURE CONGESTIVE
OXYTROL FOR WOMEN,INCORRECT DRUG ADMINISTRATION DURATION,4,10.04,3.51,28.7,OXYTROL FOR WOMEN + INCORRECT DRUG ADMINISTRATION DURATION
REVLIMID,DEEP VEIN THROMBOSIS,3,10.02,3.03,33.1,REVLIMID + DEEP VEIN THROMBOSIS
REVLIMID,INFECTION,4,10.01,3.53,28.37,REVLIMID + INFECTION
KEPPRA,PARAESTHESIA,3,10.01,3.03,33.15,KEPPRA + PARAESTHESIA
METHOTREXATE,RESPIRATORY FAILURE,3,10.01,3.0,33.37,METHOTREXATE + RESPIRATORY FAILURE
ZOLOFT,PARAESTHESIA,4,9.99,3.52,28.33,ZOLOFT + PARAESTHESIA
DEXAMETHASONE,INFECTION,3,9.99,3.03,32.91,DEXAMETHASONE + INFECTION
ATENOLOL,SPLENOMEGALY,3,9.99,3.03,32.94,ATENOLOL + SPLENOMEGALY
XALKORI,DEATH,4,9.97,3.23,30.74,XALKORI + DEATH
GILENYA,HYPOAESTHESIA,3,9.96,3.01,33.01,GILENYA + HYPOAESTHESIA
VITAMIN C,CONTUSION,3,9.96,3.01,33.01,VITAMIN C + CONTUSION
BISOPROLOL,HYPOTENSION,3,9.95,2.99,33.1,BISOPROLOL + HYPOTENSION
DOXORUBICIN,PYREXIA,3,9.91,2.89,33.98,DOXORUBICIN + PYREXIA
FOLINIC ACID,NAUSEA,3,9.91,2.67,36.78,FOLINIC ACID + NAUSEA
POTASSIUM,URINARY TRACT INFECTION,3,9.91,3.0,32.71,POTASSIUM + URINARY TRACT INFECTION
VICODIN,DRUG HYPERSENSITIVITY,4,9.87,3.45,28.23,VICODIN + DRUG HYPERSENSITIVITY
HYDROCHLOROTHIAZIDE,GASTROINTESTINAL HAEMORRHAGE,3,9.86,2.99,32.47,HYDROCHLOROTHIAZIDE + GASTROINTESTINAL HAEMORRHAGE
ADVAIR HFA,COUGH,3,9.83,2.82,34.23,ADVAIR HFA + COUGH
NORCO,WEIGHT INCREASED,3,9.82,2.9,33.3,NORCO + WEIGHT INCREASED
MIRENA,ABDOMINAL PAIN,8,9.82,4.6,20.97,MIRENA + ABDOMINAL PAIN
OXALIPLATIN,PNEUMONIA,3,9.8,2.91,33.04,OXALIPLATIN + PNEUMONIA
ADVAIR,PNEUMONIA,6,9.79,4.11,23.31,ADVAIR + PNEUMONIA
PROGRAF,DRUG INEFFECTIVE,8,9.78,4.17,22.97,PROGRAF + DRUG INEFFECTIVE
METFORMIN,SPLENOMEGALY,5,9.77,3.8,25.12,METFORMIN + SPLENOMEGALY
VENTAVIS,SWELLING,3,9.77,2.96,32.26,VENTAVIS + SWELLING
RANITIDINE,ABDOMINAL PAIN,4,9.75,3.37,28.14,RANITIDINE + ABDOMINAL PAIN
ZYRTEC,ABDOMINAL PAIN,4,9.75,3.37,28.14,ZYRTEC + ABDOMINAL PAIN
SIMVASTATIN.,MUSCLE SPASMS,3,9.74,2.93,32.36,SIMVASTATIN. + MUSCLE SPASMS
OXYCONTIN,ANAEMIA,4,9.72,3.26,28.96,OXYCONTIN + ANAEMIA
AZOPT,DRUG INEFFECTIVE,3,9.69,2.42,38.88,AZOPT + DRUG INEFFECTIVE
OXYBUTYNIN,DRUG INEFFECTIVE,3,9.69,2.42,38.88,OXYBUTYNIN + DRUG INEFFECTIVE
VANCOMYCIN,DEATH,3,9.69,2.65,35.38,VANCOMYCIN + DEATH
CISPLATIN,VOMITING,5,9.68,3.66,25.63,CISPLATIN + VOMITING
TECFIDERA,BURNING SENSATION,5,9.68,3.66,25.63,TECFIDERA + BURNING SENSATION
IRON,CONTUSION,3,9.68,2.93,32.05,IRON + CONTUSION
METHOTREXATE,FEELING HOT,3,9.67,2.9,32.2,METHOTREXATE + FEELING HOT
FLEXERIL,PAIN,3,9.66,2.71,34.43,FLEXERIL + PAIN
REVATIO,PRODUCTIVE COUGH,3,9.63,2.77,33.54,REVATIO + PRODUCTIVE COUGH
ALLOPURINOL,HAEMOGLOBIN DECREASED,17,9.62,5.64,16.41,ALLOPURINOL + HAEMOGLOBIN DECREASED
TOPROL XL,DRUG INTERACTION,3,9.61,2.86,32.25,TOPROL XL + DRUG INTERACTION
LEVOTHYROXINE,FLATULENCE,4,9.6,3.36,27.41,LEVOTHYROXINE + FLATULENCE
TYSABRI,MUSCULAR WEAKNESS,7,9.59,4.3,21.37,TYSABRI + MUSCULAR WEAKNESS
ONDANSETRON,PYREXIA,4,9.57,3.29,27.8,ONDANSETRON + PYREXIA
PROLIA,DEATH,9,9.55,4.5,20.23,PROLIA + DEATH
FUROSEMIDE.,WEIGHT INCREASED,4,9.54,3.31,27.5,FUROSEMIDE. + WEIGHT INCREASED
TRAZODONE,INSOMNIA,4,9.54,3.32,27.4,TRAZODONE + INSOMNIA
HYDROXYUREA,PLATELET COUNT DECREASED,5,9.51,3.66,24.73,HYDROXYUREA + PLATELET COUNT DECREASED
METOPROLOL,FLATULENCE,4,9.51,3.33,27.16,METOPROLOL + FLATULENCE
OXYCONTIN,PLATELET COUNT DECREASED,3,9.51,2.79,32.45,OXYCONTIN + PLATELET COUNT DECREASED
HYDROXYUREA,WEIGHT DECREASED,4,9.46,3.3,27.11,HYDROXYUREA + WEIGHT DECREASED
DRONEDARONE,EPISTAXIS,3,9.46,2.87,31.12,DRONEDARONE + EPISTAXIS
VITAMIN B12,ANAEMIA,6,9.45,3.87,23.05,VITAMIN B12 + ANAEMIA
ASA,ANAEMIA,6,9.45,3.87,23.05,ASA + ANAEMIA
PREDNISONE,TRANSFUSION,4,9.39,3.28,26.89,PREDNISONE + TRANSFUSION
EVEROLIMUS,DIARRHOEA,3,9.33,2.56,34.08,EVEROLIMUS + DIARRHOEA
BEVACIZUMAB,DIARRHOEA,3,9.33,2.56,34.08,BEVACIZUMAB + DIARRHOEA
DEPAKOTE,TREMOR,8,9.31,4.38,19.79,DEPAKOTE + TREMOR
KEPPRA,GAIT DISTURBANCE,3,9.31,2.82,30.77,KEPPRA + GAIT DISTURBANCE
ASPIRIN,UNRESPONSIVE TO STIMULI,3,9.28,2.58,33.46,ASPIRIN + UNRESPONSIVE TO STIMULI
NORCO,VOMITING,4,9.26,3.14,27.31,NORCO + VOMITING
TRAZODONE,DEPRESSION,3,9.25,2.79,30.7,TRAZODONE + DEPRESSION
AMITRIPTYLINE,INSOMNIA,4,9.24,3.22,26.49,AMITRIPTYLINE + INSOMNIA
PREDNISONE,NEPHROGENIC SYSTEMIC FIBROSIS,3,9.23,2.75,30.95,PREDNISONE + NEPHROGENIC SYSTEMIC FIBROSIS
BENADRYL,VOMITING,3,9.22,2.65,32.08,BENADRYL + VOMITING
VALIUM,ANAEMIA,4,9.21,3.11,27.29,VALIUM + ANAEMIA
DILTIAZEM,ASTHENIA,5,9.21,3.49,24.28,DILTIAZEM + ASTHENIA
NEURONTIN,ABDOMINAL PAIN UPPER,3,9.2,2.78,30.43,NEURONTIN + ABDOMINAL PAIN UPPER
SIMVASTATIN.,OFF LABEL USE,4,9.19,3.2,26.38,SIMVASTATIN. + OFF LABEL USE
ATORVASTATIN,URINARY TRACT INFECTION,5,9.13,3.58,23.23,ATORVASTATIN + URINARY TRACT INFECTION
JAKAFI,ORAL PAIN,4,9.09,2.03,40.67,JAKAFI + ORAL PAIN
METHOTREXATE,NEUTROPENIA,3,9.07,2.73,30.08,METHOTREXATE + NEUTROPENIA
XANAX,BACK PAIN,5,9.06,3.55,23.11,XANAX + BACK PAIN
JAKAFI,TRANSFUSION,21,9.06,4.71,17.4,JAKAFI + TRANSFUSION
TEGRETOL,FALL,3,9.03,2.66,30.69,TEGRETOL + FALL
CLARITIN CHEWABLE TABLETS,INAPPROPRIATE SCHEDULE OF DRUG ADMINISTRATION,4,9.02,3.18,25.56,CLARITIN CHEWABLE TABLETS + INAPPROPRIATE SCHEDULE OF DRUG ADMINISTRATION
ENBREL,ARTHRALGIA,8,9.01,4.25,19.11,ENBREL + ARTHRALGIA
MULTIVITAMIN,HAEMOGLOBIN DECREASED,8,9.0,4.21,19.21,MULTIVITAMIN + HAEMOGLOBIN DECREASED
OXALIPLATIN,NAUSEA,6,8.99,3.59,22.54,OXALIPLATIN + NAUSEA
OMEPRAZOLE,HYPERHIDROSIS,7,8.97,4.01,20.08,OMEPRAZOLE + HYPERHIDROSIS
CELEBREX,CONSTIPATION,4,8.96,3.17,25.33,CELEBREX + CONSTIPATION
AVONEX,GAIT DISTURBANCE,9,8.95,4.39,18.24,AVONEX + GAIT DISTURBANCE
TYSABRI,BALANCE DISORDER,4,8.95,3.15,25.45,TYSABRI + BALANCE DISORDER
WARFARIN,DRY MOUTH,3,8.94,2.7,29.55,WARFARIN + DRY MOUTH
MIRALAX,OFF LABEL USE,4,8.9,3.11,25.51,MIRALAX + OFF LABEL USE
KEPPRA,FEELING ABNORMAL,4,8.89,3.12,25.35,KEPPRA + FEELING ABNORMAL
OXYTROL FOR WOMEN,ERYTHEMA,6,8.89,3.76,20.99,OXYTROL FOR WOMEN + ERYTHEMA
TOPROL XL,PAIN IN EXTREMITY,3,8.88,2.65,29.76,TOPROL XL + PAIN IN EXTREMITY
PREDNISONE,SKIN LESION,3,8.87,2.65,29.69,PREDNISONE + SKIN LESION
ZANTAC,HAEMOGLOBIN DECREASED,3,8.87,2.61,30.12,ZANTAC + HAEMOGLOBIN DECREASED
DEPAKOTE,ALOPECIA,7,8.86,3.98,19.73,DEPAKOTE + ALOPECIA
LANSOPRAZOLE DR CAPSULES 15MG OTC,DRUG INEFFECTIVE,5,8.85,3.06,25.56,LANSOPRAZOLE DR CAPSULES 15MG OTC + DRUG INEFFECTIVE
NORVASC,BLOOD COUNT ABNORMAL,3,8.84,2.69,29.01,NORVASC + BLOOD COUNT ABNORMAL
SPIRONOLACTONE,GAIT DISTURBANCE,3,8.83,2.68,29.12,SPIRONOLACTONE + GAIT DISTURBANCE
LAMICTAL,INSOMNIA,3,8.81,2.63,29.53,LAMICTAL + INSOMNIA
TOPROL XL,INSOMNIA,3,8.81,2.63,29.53,TOPROL XL + INSOMNIA
XTANDI,DEATH,3,8.81,2.44,31.73,XTANDI + DEATH
LANSOPRAZOLE,CHEST PAIN,3,8.79,2.64,29.32,LANSOPRAZOLE + CHEST PAIN
HYDROXYUREA,BACK PAIN,3,8.79,2.66,29.1,HYDROXYUREA + BACK PAIN
LETAIRIS,THROAT IRRITATION,18,8.79,4.05,19.08,LETAIRIS + THROAT IRRITATION
JAKAFI,ADVERSE DRUG REACTION,14,8.74,3.96,19.29,JAKAFI + ADVERSE DRUG REACTION
LEVOXYL,ANAEMIA,3,8.71,2.5,30.31,LEVOXYL + ANAEMIA
BENADRYL,ANAEMIA,3,8.71,2.5,30.31,BENADRYL + ANAEMIA
YAZ,CEREBROVASCULAR ACCIDENT,3,8.7,2.65,28.57,YAZ + CEREBROVASCULAR ACCIDENT
HYDROCHLOROTHIAZIDE,ABDOMINAL PAIN UPPER,4,8.66,3.06,24.49,HYDROCHLOROTHIAZIDE + ABDOMINAL PAIN UPPER
XANAX,PULMONARY EMBOLISM,3,8.66,2.64,28.43,XANAX + PULMONARY EMBOLISM
XANAX,ABDOMINAL DISTENSION,3,8.66,2.64,28.43,XANAX + ABDOMINAL DISTENSION
AMITRIPTYLINE,WEIGHT INCREASED,4,8.65,3.02,24.77,AMITRIPTYLINE + WEIGHT INCREASED
HUMIRA,FEELING HOT,3,8.64,2.6,28.73,HUMIRA + FEELING HOT
PROMETHAZINE,VOMITING,3,8.64,2.5,29.88,PROMETHAZINE + VOMITING
LORTAB,VOMITING,3,8.64,2.5,29.88,LORTAB + VOMITING
ZOMETA,FATIGUE,4,8.64,2.7,27.65,ZOMETA + FATIGUE
MICARDIS,MALAISE,3,8.63,2.42,30.76,MICARDIS + MALAISE
HYDREA,HAEMOGLOBIN DECREASED,7,8.63,3.85,19.33,HYDREA + HAEMOGLOBIN DECREASED
XARELTO,PULMONARY EMBOLISM,4,8.61,3.05,24.28,XARELTO + PULMONARY EMBOLISM
FOSAMAX,PLATELET COUNT DECREASED,3,8.6,2.54,29.12,FOSAMAX + PLATELET COUNT DECREASED
AMOXICILLIN,DRUG INTERACTION,3,8.58,2.57,28.59,AMOXICILLIN + DRUG INTERACTION
LISINOPRIL,DEHYDRATION,6,8.56,3.62,20.26,LISINOPRIL + DEHYDRATION
HYDROXYUREA,ANAEMIA,6,8.53,3.52,20.66,HYDROXYUREA + ANAEMIA
JAKAFI,INCREASED TENDENCY TO BRUISE,5,8.53,2.29,31.81,JAKAFI + INCREASED TENDENCY TO BRUISE
VICODIN,PAIN IN EXTREMITY,4,8.51,2.98,24.29,VICODIN + PAIN IN EXTREMITY
ASPIRIN,ANGINA PECTORIS,3,8.51,2.39,30.32,ASPIRIN + ANGINA PECTORIS
OMEPRAZOLE.,PYREXIA,3,8.49,2.51,28.76,OMEPRAZOLE. + PYREXIA
ZYRTEC,HAEMOGLOBIN DECREASED,4,8.49,2.94,24.47,ZYRTEC + HAEMOGLOBIN DECREASED
COLCHICINE,DIARRHOEA,3,8.48,2.36,30.56,COLCHICINE + DIARRHOEA
SYNTHROID,DEEP VEIN THROMBOSIS,4,8.48,2.98,24.1,SYNTHROID + DEEP VEIN THROMBOSIS
PREDNISONE.,INSOMNIA,3,8.47,2.53,28.33,PREDNISONE. + INSOMNIA
REMODULIN,UNEVALUABLE EVENT,8,8.46,4.0,17.88,REMODULIN + UNEVALUABLE EVENT
LEVOTHYROXINE,HAEMOGLOBIN DECREASED,14,8.45,4.73,15.09,LEVOTHYROXINE + HAEMOGLOBIN DECREASED
VITAMIN D,ADVERSE EVENT,3,8.45,2.55,27.94,VITAMIN D + ADVERSE EVENT
PRAVASTATIN,ARTHRALGIA,3,8.42,2.53,28.01,PRAVASTATIN + ARTHRALGIA
XELODA,HYPERTENSION,3,8.41,2.56,27.66,XELODA + HYPERTENSION
HYDREA,WEIGHT INCREASED,6,8.4,3.55,19.92,HYDREA + WEIGHT INCREASED
SERTRALINE,SOMNOLENCE,3,8.39,2.54,27.69,SERTRALINE + SOMNOLENCE
HYDROXYUREA,DECREASED APPETITE,3,8.36,2.53,27.67,HYDROXYUREA + DECREASED APPETITE
EXTRANEAL,HYPOTENSION,3,8.33,2.53,27.48,EXTRANEAL + HYPOTENSION
CALCIUM,HAEMOGLOBIN DECREASED,9,8.32,4.08,16.99,CALCIUM + HAEMOGLOBIN DECREASED
VALPROIC ACID,DRUG INEFFECTIVE,3,8.31,2.14,32.23,VALPROIC ACID + DRUG INEFFECTIVE
AMOXICILLIN,WEIGHT DECREASED,3,8.3,2.49,27.66,AMOXICILLIN + WEIGHT DECREASED
AUBAGIO,NAUSEA,5,8.3,3.06,22.5,AUBAGIO + NAUSEA
FUROSEMIDE,HAEMOGLOBIN DECREASED,10,8.29,4.21,16.35,FUROSEMIDE + HAEMOGLOBIN DECREASED
ASA,DRUG HYPERSENSITIVITY,3,8.29,2.5,27.5,ASA + DRUG HYPERSENSITIVITY
SPIRONOLACTONE,ABDOMINAL PAIN UPPER,3,8.25,2.5,27.17,SPIRONOLACTONE + ABDOMINAL PAIN UPPER
LOSARTAN,LOCAL SWELLING,3,8.24,2.51,27.01,LOSARTAN + LOCAL SWELLING
MULTIVITAMIN,BLOOD COUNT ABNORMAL,3,8.23,2.51,26.98,MULTIVITAMIN + BLOOD COUNT ABNORMAL
LETAIRIS,SWELLING,48,8.21,5.16,13.06,LETAIRIS + SWELLING
ACLASTA,FALL,3,8.21,2.43,27.7,ACLASTA + FALL
GABAPENTIN,ALOPECIA,4,8.18,2.91,23.04,GABAPENTIN + ALOPECIA
FISH OIL,THROMBOCYTOPENIA,3,8.18,2.49,26.83,FISH OIL + THROMBOCYTOPENIA
FERROUS SULFATE,ANAEMIA,3,8.17,2.36,28.23,FERROUS SULFATE + ANAEMIA
AUBAGIO,PAIN,4,8.16,2.76,24.15,AUBAGIO + PAIN
VITAMIN D3,WEIGHT INCREASED,4,8.14,2.85,23.23,VITAMIN D3 + WEIGHT INCREASED
ZYRTEC,ANAEMIA,5,8.13,3.1,21.31,ZYRTEC + ANAEMIA
AMBIEN,DEPRESSION,4,8.12,2.88,22.93,AMBIEN + DEPRESSION
TYVASO,EAR INFECTION,3,8.12,2.39,27.56,TYVASO + EAR INFECTION
ATENOLOL,PLATELET COUNT DECREASED,8,8.11,3.82,17.23,ATENOLOL + PLATELET COUNT DECREASED
CODEINE SULFATE,NAUSEA,3,8.11,2.25,29.2,CODEINE SULFATE + NAUSEA
CRESTOR,GASTROINTESTINAL HAEMORRHAGE,3,8.1,2.47,26.53,CRESTOR + GASTROINTESTINAL HAEMORRHAGE
XALATAN,DEATH,4,8.09,2.69,24.36,XALATAN + DEATH
LETAIRIS,UPPER RESPIRATORY TRACT CONGESTION,5,8.08,1.93,33.86,LETAIRIS + UPPER RESPIRATORY TRACT CONGESTION
ASCORBIC ACID,FATIGUE,3,8.08,2.14,30.56,ASCORBIC ACID + FATIGUE
PROLIA,BACK PAIN,3,8.08,2.45,26.63,PROLIA + BACK PAIN
REVATIO,THROAT IRRITATION,4,8.06,2.77,23.45,REVATIO + THROAT IRRITATION
CELEXA,HAEMOGLOBIN DECREASED,3,8.06,2.39,27.18,CELEXA + HAEMOGLOBIN DECREASED
CELEBREX,DRUG HYPERSENSITIVITY,5,8.05,3.16,20.51,CELEBREX + DRUG HYPERSENSITIVITY
TYVASO,BRONCHITIS,7,8.05,3.59,18.03,TYVASO + BRONCHITIS
PEGASYS,PNEUMONIA,3,8.05,2.42,26.8,PEGASYS + PNEUMONIA
ZOFRAN,PNEUMONIA,3,8.05,2.42,26.8,ZOFRAN + PNEUMONIA
MORPHINE,VOMITING,4,8.05,2.76,23.47,MORPHINE + VOMITING
LETAIRIS,OEDEMA PERIPHERAL,72,8.04,5.52,11.71,LETAIRIS + OEDEMA PERIPHERAL
REVATIO,OXYGEN SATURATION DECREASED,3,8.03,2.35,27.46,REVATIO + OXYGEN SATURATION DECREASED
REVATIO,DYSPHONIA,3,8.03,2.35,27.46,REVATIO + DYSPHONIA
DEPAKOTE,NERVOUSNESS,3,8.02,2.41,26.65,DEPAKOTE + NERVOUSNESS
EXEMESTANE,HEADACHE,3,8.01,2.16,29.7,EXEMESTANE + HEADACHE
ADVAIR,TREMOR,3,8.01,2.44,26.24,ADVAIR + TREMOR
ASPIRIN,SPLENOMEGALY,9,8.0,3.84,16.68,ASPIRIN + SPLENOMEGALY
METOPROLOL,BLOOD PRESSURE INCREASED,5,7.98,3.13,20.32,METOPROLOL + BLOOD PRESSURE INCREASED
ZOLOFT,DEPRESSION,4,7.96,2.82,22.46,ZOLOFT + DEPRESSION
FUROSEMIDE,WRONG TECHNIQUE IN DRUG USAGE PROCESS,3,7.95,2.42,26.08,FUROSEMIDE + WRONG TECHNIQUE IN DRUG USAGE PROCESS
DIANEAL LOW CALCIUM,ABDOMINAL DISTENSION,8,7.94,3.73,16.93,DIANEAL LOW CALCIUM + ABDOMINAL DISTENSION
BISOPROLOL,CHEST PAIN,3,7.94,2.39,26.33,BISOPROLOL + CHEST PAIN
SYNTHROID,DYSPNOEA EXERTIONAL,3,7.94,2.39,26.33,SYNTHROID + DYSPNOEA EXERTIONAL
TRICOR,TYPE 2 DIABETES MELLITUS,4,7.94,2.48,25.41,TRICOR + TYPE 2 DIABETES MELLITUS
SPIRIVA,CHEST DISCOMFORT,4,7.89,2.8,22.25,SPIRIVA + CHEST DISCOMFORT
ISONIAZID,DYSPNOEA,3,7.88,2.03,30.58,ISONIAZID + DYSPNOEA
TYVASO,CHEST DISCOMFORT,7,7.88,3.52,17.65,TYVASO + CHEST DISCOMFORT
ASPIRIN,CONTUSION,16,7.88,4.52,13.72,ASPIRIN + CONTUSION
ASA,ARTHRALGIA,3,7.87,2.37,26.11,ASA + ARTHRALGIA
MAGNESIUM,NAUSEA,5,7.86,2.92,21.19,MAGNESIUM + NAUSEA
NORCO,NAUSEA,5,7.86,2.92,21.19,NORCO + NAUSEA
VENTAVIS,COUGH,6,7.86,3.29,18.82,VENTAVIS + COUGH
JAKAFI,ANAEMIA,117,7.86,6.02,10.27,JAKAFI + ANAEMIA
VITAMIN B12,FATIGUE,9,7.85,3.64,16.92,VITAMIN B12 + FATIGUE
REVLIMID,THROMBOCYTOPENIA,3,7.85,2.4,25.71,REVLIMID + THROMBOCYTOPENIA
POTASSIUM,ABDOMINAL PAIN UPPER,3,7.85,2.39,25.79,POTASSIUM + ABDOMINAL PAIN UPPER
RANITIDINE,PRURITUS,3,7.83,2.36,26.02,RANITIDINE + PRURITUS
TYSABRI,GAIT DISTURBANCE,7,7.82,3.53,17.32,TYSABRI + GAIT DISTURBANCE
SEROQUEL,ABDOMINAL PAIN,3,7.82,2.34,26.12,SEROQUEL + ABDOMINAL PAIN
FLOMAX,ABDOMINAL PAIN,3,7.82,2.34,26.12,FLOMAX + ABDOMINAL PAIN
DEPAKOTE,BALANCE DISORDER,4,7.8,2.75,22.13,DEPAKOTE + BALANCE DISORDER
METHOTREXATE,THROMBOCYTOPENIA,4,7.8,2.76,22.0,METHOTREXATE + THROMBOCYTOPENIA
PREDNISONE,BRONCHITIS,5,7.79,3.06,19.87,PREDNISONE + BRONCHITIS
AMITRIPTYLINE,ANXIETY,3,7.79,2.35,25.75,AMITRIPTYLINE + ANXIETY
PANTOPRAZOLE,CONSTIPATION,3,7.78,2.37,25.5,PANTOPRAZOLE + CONSTIPATION
LITHIUM,DIARRHOEA,3,7.78,2.18,27.7,LITHIUM + DIARRHOEA
LETAIRIS,RESPIRATORY TRACT CONGESTION,8,7.77,2.54,23.79,LETAIRIS + RESPIRATORY TRACT CONGESTION
VITAMIN D,FLATULENCE,3,7.76,2.35,25.57,VITAMIN D + FLATULENCE
REVLIMID,PNEUMONIA,7,7.71,3.48,17.11,REVLIMID + PNEUMONIA
OXYTROL FOR WOMEN,PRURITUS,10,7.71,3.93,15.11,OXYTROL FOR WOMEN + PRURITUS
PERCOCET,MALAISE,4,7.7,2.59,22.89,PERCOCET + MALAISE
EPOPROSTENOL.,MALAISE,4,7.7,2.59,22.89,EPOPROSTENOL. + MALAISE
FOLIC ACID,BLISTER,3,7.69,2.32,25.46,FOLIC ACID + BLISTER
PREDNISONE,WHEEZING,3,7.69,2.32,25.51,PREDNISONE + WHEEZING
DOXORUBICIN,VOMITING,3,7.68,2.24,26.27,DOXORUBICIN + VOMITING
AUBAGIO,FATIGUE,6,7.65,3.0,19.5,AUBAGIO + FATIGUE
SIMVASTATIN.,ARTHRALGIA,3,7.63,2.3,25.25,SIMVASTATIN. + ARTHRALGIA
NEXIUM,ALOPECIA,3,7.62,2.33,24.93,NEXIUM + ALOPECIA
PROTONIX,PLATELET COUNT DECREASED,5,7.6,2.96,19.52,PROTONIX + PLATELET COUNT DECREASED
RAMIPRIL,MUSCLE SPASMS,3,7.6,2.31,24.95,RAMIPRIL + MUSCLE SPASMS
IBUPROFEN,ERYTHEMA,3,7.59,2.32,24.84,IBUPROFEN + ERYTHEMA
RANITIDINE,INSOMNIA,3,7.59,2.28,25.23,RANITIDINE + INSOMNIA
CYCLOPHOSPHAMIDE,DRUG INEFFECTIVE,13,7.55,3.96,14.39,CYCLOPHOSPHAMIDE + DRUG INEFFECTIVE
DIANEAL LOW CALCIUM,HYPOTENSION,12,7.53,4.05,14.03,DIANEAL LOW CALCIUM + HYPOTENSION
ASPIRIN,GASTROINTESTINAL HAEMORRHAGE,11,7.52,3.88,14.59,ASPIRIN + GASTROINTESTINAL HAEMORRHAGE
TYVASO,SINUSITIS,8,7.52,3.54,15.97,TYVASO + SINUSITIS
LOVASTATIN,DIZZINESS,3,7.51,2.09,27.03,LOVASTATIN + DIZZINESS
TRAZODONE,DRUG INTERACTION,3,7.5,2.27,24.83,TRAZODONE + DRUG INTERACTION
METOPROLOL,TRANSFUSION,3,7.49,2.27,24.73,METOPROLOL + TRANSFUSION
FUROSEMIDE,DRUG INTERACTION,7,7.48,3.38,16.57,FUROSEMIDE + DRUG INTERACTION
LYRICA,DRUG WITHDRAWAL SYNDROME,3,7.48,2.22,25.14,LYRICA + DRUG WITHDRAWAL SYNDROME
LEXAPRO,WEIGHT INCREASED,4,7.47,2.63,21.25,LEXAPRO + WEIGHT INCREASED
CELEXA,NAUSEA,5,7.47,2.79,20.03,CELEXA + NAUSEA
WARFARIN,GASTROINTESTINAL HAEMORRHAGE,4,7.46,2.65,20.99,WARFARIN + GASTROINTESTINAL HAEMORRHAGE
FISH OIL,HYPERHIDROSIS,3,7.45,2.28,24.35,FISH OIL + HYPERHIDROSIS
LYRICA,SUICIDAL IDEATION,4,7.43,2.6,21.29,LYRICA + SUICIDAL IDEATION
GAMMAGARD LIQUID,NAUSEA,3,7.43,2.09,26.46,GAMMAGARD LIQUID + NAUSEA
MULTIVITAMINS,HAEMOGLOBIN DECREASED,4,7.42,2.6,21.23,MULTIVITAMINS + HAEMOGLOBIN DECREASED
METFORMIN,WRONG TECHNIQUE IN DRUG USAGE PROCESS,4,7.41,2.62,20.93,METFORMIN + WRONG TECHNIQUE IN DRUG USAGE PROCESS
VITAMIN D3,OEDEMA PERIPHERAL,3,7.4,2.24,24.42,VITAMIN D3 + OEDEMA PERIPHERAL
TECFIDERA,GASTROINTESTINAL DISORDER,4,7.4,2.55,21.45,TECFIDERA + GASTROINTESTINAL DISORDER
FINASTERIDE,MALAISE,3,7.4,2.11,25.89,FINASTERIDE + MALAISE
LEVOTHYROXINE SODIUM,HAEMOGLOBIN DECREASED,3,7.38,2.2,24.77,LEVOTHYROXINE SODIUM + HAEMOGLOBIN DECREASED
LEXAPRO,ABDOMINAL PAIN,4,7.37,2.59,20.94,LEXAPRO + ABDOMINAL PAIN
LEVOTHYROXINE,BLOOD COUNT ABNORMAL,5,7.37,2.9,18.7,LEVOTHYROXINE + BLOOD COUNT ABNORMAL
PARACETAMOL,PYREXIA,9,7.36,3.62,14.96,PARACETAMOL + PYREXIA
ATENOLOL,BLOOD COUNT ABNORMAL,3,7.35,2.25,24.03,ATENOLOL + BLOOD COUNT ABNORMAL
NEURONTIN,DRUG HYPERSENSITIVITY,3,7.34,2.23,24.21,NEURONTIN + DRUG HYPERSENSITIVITY
CETIRIZINE,INSOMNIA,3,7.34,2.21,24.34,CETIRIZINE + INSOMNIA
ZOCOR,INSOMNIA,3,7.34,2.21,24.34,ZOCOR + INSOMNIA
ASPIRIN.,INSOMNIA,3,7.34,2.21,24.34,ASPIRIN. + INSOMNIA
FLOMAX,ASTHENIA,4,7.33,2.53,21.25,FLOMAX + ASTHENIA
ATORVASTATIN,CEREBROVASCULAR ACCIDENT,4,7.31,2.6,20.52,ATORVASTATIN + CEREBROVASCULAR ACCIDENT
METOPROLOL,BLOOD COUNT ABNORMAL,5,7.3,2.88,18.53,METOPROLOL + BLOOD COUNT ABNORMAL
PRILOSEC,ABDOMINAL PAIN,5,7.29,2.86,18.61,PRILOSEC + ABDOMINAL PAIN
ASPIRIN,CEREBRAL HAEMORRHAGE,3,7.29,2.08,25.51,ASPIRIN + CEREBRAL HAEMORRHAGE
ASPIRIN,PLATELET COUNT INCREASED,3,7.29,2.08,25.51,ASPIRIN + PLATELET COUNT INCREASED
ASPIRIN,MELAENA,3,7.29,2.08,25.51,ASPIRIN + MELAENA
ABILIFY,MALAISE,4,7.29,2.46,21.57,ABILIFY + MALAISE
OXYCODONE,DECREASED APPETITE,3,7.29,2.22,23.96,OXYCODONE + DECREASED APPETITE
LETAIRIS,SCLERODERMA,3,7.27,1.21,43.53,LETAIRIS + SCLERODERMA
LETAIRIS,HEAD DISCOMFORT,3,7.27,1.21,43.53,LETAIRIS + HEAD DISCOMFORT
SOLIRIS,FATIGUE,9,7.27,3.4,15.55,SOLIRIS + FATIGUE
SPIRIVA,OFF LABEL USE,9,7.26,3.59,14.71,SPIRIVA + OFF LABEL USE
ALLOPURINOL,RED BLOOD CELL COUNT DECREASED,3,7.26,2.2,24.02,ALLOPURINOL + RED BLOOD CELL COUNT DECREASED
DOXORUBICIN,ANAEMIA,3,7.26,2.12,24.82,DOXORUBICIN + ANAEMIA
HYDROCHLOROTHIAZIDE,HYPERTENSION,3,7.25,2.22,23.73,HYDROCHLOROTHIAZIDE + HYPERTENSION
MULTIVITAMIN,MUSCLE SPASMS,4,7.22,2.57,20.3,MULTIVITAMIN + MUSCLE SPASMS
LISINOPRIL,HAEMORRHAGE,5,7.21,2.84,18.33,LISINOPRIL + HAEMORRHAGE
ONDANSETRON,RASH,3,7.21,2.16,24.08,ONDANSETRON + RASH
CISPLATIN,RASH,3,7.21,2.16,24.08,CISPLATIN + RASH
EVEROLIMUS,HEADACHE,3,7.21,1.98,26.3,EVEROLIMUS + HEADACHE
PREDNISONE,JOINT SWELLING,3,7.2,2.18,23.83,PREDNISONE + JOINT SWELLING
TECFIDERA,ERYTHEMA,9,7.2,3.52,14.72,TECFIDERA + ERYTHEMA
CARVEDILOL,HAEMOGLOBIN DECREASED,4,7.2,2.52,20.55,CARVEDILOL + HAEMOGLOBIN DECREASED
VITAMIN D                          /00107901/,FATIGUE,4,7.2,2.31,22.4,VITAMIN D                          /00107901/ + FATIGUE
VITAMIN B6,FATIGUE,3,7.18,1.94,26.62,VITAMIN B6 + FATIGUE
LANSOPRAZOLE DR CAPSULES 15MG OTC,DIARRHOEA,3,7.18,2.03,25.32,LANSOPRAZOLE DR CAPSULES 15MG OTC + DIARRHOEA
DILAUDID,DIARRHOEA,3,7.18,2.03,25.32,DILAUDID + DIARRHOEA
ZOLOFT,CONSTIPATION,3,7.16,2.19,23.43,ZOLOFT + CONSTIPATION
DIANEAL LOW CALCIUM,HERPES ZOSTER,3,7.14,2.12,24.05,DIANEAL LOW CALCIUM + HERPES ZOSTER
METHOTREXATE,MUSCULAR WEAKNESS,5,7.12,2.81,18.03,METHOTREXATE + MUSCULAR WEAKNESS
GILENYA,FALL,4,7.12,2.5,20.29,GILENYA + FALL
TECFIDERA,GASTROOESOPHAGEAL REFLUX DISEASE,4,7.12,2.46,20.57,TECFIDERA + GASTROOESOPHAGEAL REFLUX DISEASE
ARANESP,HAEMOGLOBIN DECREASED,5,7.11,2.78,18.19,ARANESP + HAEMOGLOBIN DECREASED
TRAMADOL,DECREASED APPETITE,3,7.11,2.16,23.33,TRAMADOL + DECREASED APPETITE
PRILOSEC,CONTUSION,3,7.1,2.17,23.24,PRILOSEC + CONTUSION
ASPIRIN,RED BLOOD CELL COUNT DECREASED,6,7.1,2.93,17.25,ASPIRIN + RED BLOOD CELL COUNT DECREASED
OXYGEN.,DYSPNOEA,5,7.1,2.52,19.99,OXYGEN. + DYSPNOEA
ZOMIG,HEADACHE,5,7.1,2.61,19.34,ZOMIG + HEADACHE
ALLOPURINOL,SPLENOMEGALY,4,7.09,2.51,20.03,ALLOPURINOL + SPLENOMEGALY
ALPRAZOLAM,OFF LABEL USE,3,7.07,2.13,23.44,ALPRAZOLAM + OFF LABEL USE
ASPIRIN.,OFF LABEL USE,3,7.07,2.13,23.44,ASPIRIN. + OFF LABEL USE
CARVEDILOL,DRUG INTERACTION,3,7.06,2.14,23.29,CARVEDILOL + DRUG INTERACTION
SYNTHROID,GENERAL PHYSICAL HEALTH DETERIORATION,4,7.03,2.49,19.83,SYNTHROID + GENERAL PHYSICAL HEALTH DETERIORATION
POTASSIUM,DIARRHOEA,8,7.01,3.23,15.2,POTASSIUM + DIARRHOEA
FLOMAX,ANAEMIA,4,6.99,2.41,20.26,FLOMAX + ANAEMIA
TYLENOL,FLUSHING,3,6.99,2.14,22.88,TYLENOL + FLUSHING
VITAMIN C,HAEMOGLOBIN DECREASED,4,6.99,2.45,19.91,VITAMIN C + HAEMOGLOBIN DECREASED
ASPIRIN,HAEMOGLOBIN DECREASED,27,6.97,4.54,10.71,ASPIRIN + HAEMOGLOBIN DECREASED
EFFEXOR XR,DIZZINESS,7,6.95,3.01,16.02,EFFEXOR XR + DIZZINESS
FLOMAX,PLATELET COUNT DECREASED,3,6.94,2.08,23.17,FLOMAX + PLATELET COUNT DECREASED
HYDROCODONE,FALL,3,6.94,2.08,23.17,HYDROCODONE + FALL
AMITRIPTYLINE,HEADACHE,8,6.94,3.14,15.32,AMITRIPTYLINE + HEADACHE
TECFIDERA,RASH PRURITIC,3,6.91,2.04,23.43,TECFIDERA + RASH PRURITIC
GABAPENTIN,DEHYDRATION,3,6.9,2.11,22.5,GABAPENTIN + DEHYDRATION
HYDREA,DIARRHOEA,10,6.89,3.45,13.79,HYDREA + DIARRHOEA
BENADRYL,HEADACHE,4,6.88,2.25,21.0,BENADRYL + HEADACHE
CALCIUM,DECREASED APPETITE,5,6.88,2.72,17.4,CALCIUM + DECREASED APPETITE
PRILOSEC,ANAEMIA,7,6.88,3.07,15.42,PRILOSEC + ANAEMIA
ACYCLOVIR,ANAEMIA,3,6.88,2.02,23.4,ACYCLOVIR + ANAEMIA
ASPIRIN.,WEIGHT INCREASED,3,6.87,2.07,22.77,ASPIRIN. + WEIGHT INCREASED
CISPLATIN,PYREXIA,3,6.86,2.06,22.88,CISPLATIN + PYREXIA
AUBAGIO,ASTHENIA,3,6.84,2.02,23.2,AUBAGIO + ASTHENIA
ERLOTINIB TABLET,OFF LABEL USE,3,6.84,2.07,22.64,ERLOTINIB TABLET + OFF LABEL USE
JAKAFI,LABORATORY TEST ABNORMAL,5,6.82,1.97,23.6,JAKAFI + LABORATORY TEST ABNORMAL
LISINOPRIL,HYPOAESTHESIA,7,6.82,3.09,15.06,LISINOPRIL + HYPOAESTHESIA
JAKAFI,HAEMOGLOBIN ABNORMAL,4,6.82,1.7,27.3,JAKAFI + HAEMOGLOBIN ABNORMAL
HYDROCODONE,HAEMOGLOBIN DECREASED,3,6.82,2.04,22.74,HYDROCODONE + HAEMOGLOBIN DECREASED
FLOMAX,HAEMOGLOBIN DECREASED,3,6.82,2.04,22.74,FLOMAX + HAEMOGLOBIN DECREASED
XGEVA,DEATH,4,6.81,2.3,20.15,XGEVA + DEATH
ASPIRIN,HAEMATOCHEZIA,3,6.8,1.96,23.64,ASPIRIN + HAEMATOCHEZIA
VIAGRA,DRUG INEFFECTIVE,8,6.8,3.03,15.28,VIAGRA + DRUG INEFFECTIVE
TOPROL XL,DIARRHOEA,5,6.8,2.57,18.0,TOPROL XL + DIARRHOEA
LETAIRIS,MIDDLE INSOMNIA,7,6.8,2.15,21.44,LETAIRIS + MIDDLE INSOMNIA
SUBOXONE,NAUSEA,5,6.79,2.56,18.04,SUBOXONE + NAUSEA
PEGASYS,ASTHENIA,4,6.79,2.35,19.56,PEGASYS + ASTHENIA
DIANEAL LOW CALCIUM,DYSPEPSIA,4,6.78,2.37,19.41,DIANEAL LOW CALCIUM + DYSPEPSIA
COUMADIN,ABDOMINAL DISTENSION,3,6.78,2.08,22.11,COUMADIN + ABDOMINAL DISTENSION
PROTONIX,ANAEMIA,6,6.78,2.84,16.17,PROTONIX + ANAEMIA
METFORMIN,ABDOMINAL PAIN UPPER,7,6.77,3.07,14.94,METFORMIN + ABDOMINAL PAIN UPPER
IBUPROFEN,WEIGHT DECREASED,5,6.77,2.67,17.16,IBUPROFEN + WEIGHT DECREASED
PROTONIX,DECREASED APPETITE,3,6.77,2.06,22.18,PROTONIX + DECREASED APPETITE
LEXAPRO,ANXIETY,3,6.76,2.06,22.21,LEXAPRO + ANXIETY
REVLIMID,DEATH,13,6.75,3.67,12.39,REVLIMID + DEATH
HUMIRA,LOSS OF CONSCIOUSNESS,5,6.74,2.66,17.06,HUMIRA + LOSS OF CONSCIOUSNESS
CALCIUM,BLOOD COUNT ABNORMAL,3,6.74,2.07,21.97,CALCIUM + BLOOD COUNT ABNORMAL
AVONEX,ADVERSE EVENT,3,6.73,2.04,22.18,AVONEX + ADVERSE EVENT
ENBREL,INFECTION,3,6.72,2.06,21.94,ENBREL + INFECTION
CRESTOR,CEREBROVASCULAR ACCIDENT,3,6.72,2.06,21.92,CRESTOR + CEREBROVASCULAR ACCIDENT
KEPPRA,FALL,4,6.72,2.36,19.1,KEPPRA + FALL
OMEPRAZOLE,THROMBOCYTOPENIA,5,6.71,2.64,17.08,OMEPRAZOLE + THROMBOCYTOPENIA
XANAX,DECREASED APPETITE,4,6.7,2.39,18.81,XANAX + DECREASED APPETITE
FISH OIL,CONTUSION,4,6.7,2.39,18.76,FISH OIL + CONTUSION
FISH OIL,HYPOAESTHESIA,4,6.7,2.39,18.76,FISH OIL + HYPOAESTHESIA
ATENOLOL,ALOPECIA,3,6.69,2.05,21.82,ATENOLOL + ALOPECIA
DILTIAZEM,PLATELET COUNT DECREASED,3,6.69,2.01,22.26,DILTIAZEM + PLATELET COUNT DECREASED
DILTIAZEM,FALL,3,6.69,2.01,22.26,DILTIAZEM + FALL
ATENOLOL,ANAEMIA,9,6.68,3.27,13.64,ATENOLOL + ANAEMIA
GLIMEPIRIDE,DIARRHOEA,3,6.66,1.91,23.31,GLIMEPIRIDE + DIARRHOEA
AVONEX,CONFUSIONAL STATE,5,6.66,2.63,16.88,AVONEX + CONFUSIONAL STATE
FOLIC ACID,FLATULENCE,3,6.65,2.02,21.86,FOLIC ACID + FLATULENCE
GILENYA,WEIGHT DECREASED,3,6.64,2.02,21.86,GILENYA + WEIGHT DECREASED
TRAZODONE,OFF LABEL USE,3,6.63,2.01,21.9,TRAZODONE + OFF LABEL USE
CETIRIZINE 10 MG,DRUG INEFFECTIVE,13,6.58,3.49,12.4,CETIRIZINE 10 MG + DRUG INEFFECTIVE
TRACLEER,DEATH,9,6.57,3.18,13.56,TRACLEER + DEATH
HYDREA,CONTUSION,3,6.57,2.01,21.42,HYDREA + CONTUSION
ANAGRELIDE,HEADACHE,3,6.55,1.82,23.58,ANAGRELIDE + HEADACHE
VELETRI,HEADACHE,3,6.55,1.82,23.58,VELETRI + HEADACHE
TECFIDERA,MUSCULAR WEAKNESS,9,6.53,3.21,13.3,TECFIDERA + MUSCULAR WEAKNESS
CALCIUM,GAIT DISTURBANCE,4,6.52,2.33,18.26,CALCIUM + GAIT DISTURBANCE
PARACETAMOL,HYPERHIDROSIS,3,6.52,2.0,21.26,PARACETAMOL + HYPERHIDROSIS
ONDANSETRON,DIARRHOEA,5,6.51,2.47,17.19,ONDANSETRON + DIARRHOEA
PREDNISONE.,DIARRHOEA,5,6.51,2.47,17.19,PREDNISONE. + DIARRHOEA
LEVOTHYROXINE,MYALGIA,4,6.51,2.32,18.28,LEVOTHYROXINE + MYALGIA
FUROSEMIDE,PLATELET COUNT DECREASED,8,6.5,3.09,13.7,FUROSEMIDE + PLATELET COUNT DECREASED
PLAVIX,HAEMOGLOBIN DECREASED,7,6.49,2.93,14.38,PLAVIX + HAEMOGLOBIN DECREASED
TECFIDERA,PARAESTHESIA,10,6.49,3.3,12.75,TECFIDERA + PARAESTHESIA
TYSABRI,INFLUENZA LIKE ILLNESS,3,6.49,1.98,21.27,TYSABRI + INFLUENZA LIKE ILLNESS
SYMBICORT,DYSPNOEA,7,6.48,2.73,15.4,SYMBICORT + DYSPNOEA
LETAIRIS,NASAL DRYNESS,4,6.46,1.45,28.9,LETAIRIS + NASAL DRYNESS
CHOLECALCIFEROL,DRUG INEFFECTIVE,3,6.46,1.74,23.94,CHOLECALCIFEROL + DRUG INEFFECTIVE
EXJADE,DEATH,3,6.45,1.86,22.41,EXJADE + DEATH
PEGASYS,PLATELET COUNT DECREASED,3,6.45,1.94,21.42,PEGASYS + PLATELET COUNT DECREASED
ARANESP,ANAEMIA,6,6.44,2.71,15.34,ARANESP + ANAEMIA
PREDNISOLONE,DRUG INTERACTION,4,6.44,2.29,18.12,PREDNISOLONE + DRUG INTERACTION
TRAZODONE,WEIGHT INCREASED,3,6.44,1.95,21.27,TRAZODONE + WEIGHT INCREASED
TECFIDERA,INTENTIONAL DRUG MISUSE,4,6.38,2.22,18.3,TECFIDERA + INTENTIONAL DRUG MISUSE
XALKORI,NAUSEA,3,6.37,1.82,22.27,XALKORI + NAUSEA
TRUVADA,NAUSEA,3,6.37,1.82,22.27,TRUVADA + NAUSEA
AMOXICILLIN,PYREXIA,3,6.37,1.92,21.15,AMOXICILLIN + PYREXIA
OXYCODONE,PLATELET COUNT DECREASED,4,6.37,2.25,18.04,OXYCODONE + PLATELET COUNT DECREASED
ADVAIR,COUGH,6,6.35,2.68,15.03,ADVAIR + COUGH
PRILOSEC,HAEMOGLOBIN DECREASED,5,6.35,2.49,16.16,PRILOSEC + HAEMOGLOBIN DECREASED
PEGASYS,HAEMOGLOBIN DECREASED,3,6.33,1.9,21.02,PEGASYS + HAEMOGLOBIN DECREASED
LASIX,HAEMOGLOBIN DECREASED,10,6.31,3.23,12.33,LASIX + HAEMOGLOBIN DECREASED
SIMVASTATIN,BLOOD COUNT ABNORMAL,4,6.3,2.25,17.66,SIMVASTATIN + BLOOD COUNT ABNORMAL
PARACETAMOL,LOCAL SWELLING,3,6.3,1.93,20.51,PARACETAMOL + LOCAL SWELLING
POTASSIUM,RASH,4,6.28,2.22,17.77,POTASSIUM + RASH
FLUOROURACIL,VOMITING,3,6.28,1.87,21.14,FLUOROURACIL + VOMITING
CELEXA,VOMITING,3,6.28,1.87,21.14,CELEXA + VOMITING
TECFIDERA,URTICARIA,5,6.27,2.44,16.12,TECFIDERA + URTICARIA
RAMIPRIL,ANXIETY,3,6.26,1.91,20.51,RAMIPRIL + ANXIETY
ASPIRIN.,RASH,3,6.25,1.89,20.69,ASPIRIN. + RASH
COUMADIN,EPISTAXIS,3,6.25,1.92,20.33,COUMADIN + EPISTAXIS
ALLOPURINOL,THROMBOCYTOPENIA,4,6.23,2.22,17.53,ALLOPURINOL + THROMBOCYTOPENIA
AVASTIN,ANAEMIA,3,6.22,1.84,21.0,AVASTIN + ANAEMIA
YAZ,BACK PAIN,3,6.22,1.9,20.3,YAZ + BACK PAIN
VENTAVIS,DYSPNOEA,11,6.21,3.12,12.36,VENTAVIS + DYSPNOEA
TRAMADOL,PLATELET COUNT DECREASED,4,6.2,2.19,17.56,TRAMADOL + PLATELET COUNT DECREASED
COMBIVENT,DYSPNOEA,6,6.16,2.44,15.59,COMBIVENT + DYSPNOEA
JAKAFI,BLOOD POTASSIUM INCREASED,9,6.16,2.5,15.18,JAKAFI + BLOOD POTASSIUM INCREASED
GABAPENTIN,ERYTHEMA,3,6.15,1.89,20.01,GABAPENTIN + ERYTHEMA
ADCIRCA,BLOOD PRESSURE DECREASED,3,6.13,1.8,20.95,ADCIRCA + BLOOD PRESSURE DECREASED
VITAMINS,DYSPNOEA,3,6.13,1.65,22.72,VITAMINS + DYSPNOEA
SOTALOL,DYSPNOEA,3,6.13,1.65,22.72,SOTALOL + DYSPNOEA
TYLENOL,DIZZINESS,9,6.13,2.96,12.71,TYLENOL + DIZZINESS
TRAMADOL,PYREXIA,4,6.12,2.16,17.34,TRAMADOL + PYREXIA
LEVOTHYROXINE,WHITE BLOOD CELL COUNT INCREASED,3,6.11,1.87,20.0,LEVOTHYROXINE + WHITE BLOOD CELL COUNT INCREASED
TRAMADOL,VOMITING,5,6.11,2.38,15.67,TRAMADOL + VOMITING
ATENOLOL,ASTHENIA,8,6.1,2.88,12.91,ATENOLOL + ASTHENIA
TYLENOL,HEADACHE,10,6.1,3.03,12.28,TYLENOL + HEADACHE
OMEPRAZOLE,NEUTROPENIA,3,6.09,1.85,20.12,OMEPRAZOLE + NEUTROPENIA
OMEPRAZOLE,JOINT SWELLING,3,6.09,1.85,20.12,OMEPRAZOLE + JOINT SWELLING
JANUVIA,HAEMOGLOBIN DECREASED,4,6.09,2.15,17.23,JANUVIA + HAEMOGLOBIN DECREASED
EXTRANEAL,PNEUMONIA,3,6.08,1.85,19.98,EXTRANEAL + PNEUMONIA
DEXAMETHASONE,DRUG INTERACTION,4,6.08,2.16,17.05,DEXAMETHASONE + DRUG INTERACTION
TECFIDERA,ALOPECIA,8,6.06,2.87,12.82,TECFIDERA + ALOPECIA
CARVEDILOL,WEIGHT INCREASED,3,6.06,1.84,19.96,CARVEDILOL + WEIGHT INCREASED
METOPROLOL,WHITE BLOOD CELL COUNT INCREASED,3,6.06,1.85,19.83,METOPROLOL + WHITE BLOOD CELL COUNT INCREASED
ASPIRIN,FLATULENCE,6,6.06,2.52,14.54,ASPIRIN + FLATULENCE
ERLOTINIB TABLET,RASH,3,6.05,1.83,19.98,ERLOTINIB TABLET + RASH
SYNTHROID,HAEMOGLOBIN DECREASED,11,6.04,3.19,11.45,SYNTHROID + HAEMOGLOBIN DECREASED
PREDNISOLONE,HYPOTENSION,3,6.04,1.85,19.67,PREDNISOLONE + HYPOTENSION
REVATIO,NASOPHARYNGITIS,16,6.03,3.52,10.32,REVATIO + NASOPHARYNGITIS
LISINOPRIL.,HEADACHE,4,6.02,2.0,18.09,LISINOPRIL. + HEADACHE
FOLIC ACID.,HEADACHE,3,6.01,1.69,21.37,FOLIC ACID. + HEADACHE
DEPAKOTE,CONDITION AGGRAVATED,4,5.99,2.14,16.82,DEPAKOTE + CONDITION AGGRAVATED
PROLIA,PAIN IN EXTREMITY,3,5.99,1.82,19.67,PROLIA + PAIN IN EXTREMITY
AMLODIPINE,PARAESTHESIA,5,5.99,2.38,15.1,AMLODIPINE + PARAESTHESIA
LISINOPRIL,LOSS OF CONSCIOUSNESS,5,5.99,2.37,15.12,LISINOPRIL + LOSS OF CONSCIOUSNESS
LIPITOR,RENAL DISORDER,4,5.98,1.9,18.85,LIPITOR + RENAL DISORDER
JAKAFI,TREATMENT NONCOMPLIANCE,7,5.98,2.16,16.51,JAKAFI + TREATMENT NONCOMPLIANCE
PREDNISOLONE,BREAST CANCER,3,5.97,1.83,19.47,PREDNISOLONE + BREAST CANCER
OXYTROL FOR WOMEN,PRODUCT QUALITY ISSUE,6,5.97,2.56,13.93,OXYTROL FOR WOMEN + PRODUCT QUALITY ISSUE
METHOTREXATE,ARTHRALGIA,7,5.97,2.71,13.13,METHOTREXATE + ARTHRALGIA
HYDREA,PLATELET COUNT DECREASED,5,5.96,2.35,15.12,HYDREA + PLATELET COUNT DECREASED
OXYCODONE,WEIGHT DECREASED,3,5.95,1.82,19.52,OXYCODONE + WEIGHT DECREASED
RAMIPRIL,ARTHRALGIA,3,5.95,1.82,19.47,RAMIPRIL + ARTHRALGIA
KEPPRA,INSOMNIA,3,5.95,1.81,19.52,KEPPRA + INSOMNIA
LEVOTHYROXINE,ABDOMINAL DISTENSION,4,5.94,2.12,16.65,LEVOTHYROXINE + ABDOMINAL DISTENSION
ADCIRCA,NASOPHARYNGITIS,20,5.94,3.65,9.66,ADCIRCA + NASOPHARYNGITIS
ALPRAZOLAM,HAEMOGLOBIN DECREASED,3,5.9,1.78,19.54,ALPRAZOLAM + HAEMOGLOBIN DECREASED
COREG,HAEMOGLOBIN DECREASED,3,5.9,1.78,19.54,COREG + HAEMOGLOBIN DECREASED
ZOLOFT,INSOMNIA,4,5.9,2.1,16.58,ZOLOFT + INSOMNIA
METHOTREXATE,LOSS OF CONSCIOUSNESS,4,5.9,2.11,16.49,METHOTREXATE + LOSS OF CONSCIOUSNESS
ASPIRIN,WHITE BLOOD CELL COUNT DECREASED,7,5.88,2.61,13.21,ASPIRIN + WHITE BLOOD CELL COUNT DECREASED
COLCHICINE,FATIGUE,3,5.88,1.63,21.13,COLCHICINE + FATIGUE
OMEPRAZOLE,LOCAL SWELLING,5,5.87,2.32,14.85,OMEPRAZOLE + LOCAL SWELLING
CALCIUM,DISEASE PROGRESSION,3,5.87,1.8,19.06,CALCIUM + DISEASE PROGRESSION
SYNTHROID,URINARY TRACT INFECTION,5,5.85,2.32,14.76,SYNTHROID + URINARY TRACT INFECTION
VITAMIN D,CONTUSION,5,5.85,2.32,14.74,VITAMIN D + CONTUSION
JAKAFI,BLOOD GLUCOSE DECREASED,6,5.85,1.96,17.44,JAKAFI + BLOOD GLUCOSE DECREASED
JAKAFI,DRY EYE,6,5.85,1.96,17.44,JAKAFI + DRY EYE
RAMIPRIL,DRUG INTERACTION,3,5.85,1.79,19.15,RAMIPRIL + DRUG INTERACTION
METFORMIN,DEHYDRATION,4,5.84,2.09,16.36,METFORMIN + DEHYDRATION
PROMETHAZINE,DIARRHOEA,3,5.83,1.69,20.11,PROMETHAZINE + DIARRHOEA
OMEPRAZOLE,DRUG INTERACTION,10,5.82,2.99,11.34,OMEPRAZOLE + DRUG INTERACTION
VESICARE,DRUG INEFFECTIVE,3,5.81,1.6,21.2,VESICARE + DRUG INEFFECTIVE
VENLAFAXINE HCL,DRUG INEFFECTIVE,3,5.81,1.6,21.2,VENLAFAXINE HCL + DRUG INEFFECTIVE
GLIPIZIDE,DIZZINESS,4,5.81,1.97,17.16,GLIPIZIDE + DIZZINESS
DIOVAN,ARTHRALGIA,3,5.81,1.77,18.99,DIOVAN + ARTHRALGIA
VITAMIN C,FATIGUE,8,5.8,2.64,12.72,VITAMIN C + FATIGUE
JAKAFI,STOMATITIS,11,5.8,2.59,12.96,JAKAFI + STOMATITIS
DEPAKOTE,DEPRESSION,7,5.79,2.64,12.74,DEPAKOTE + DEPRESSION
PREDNISOLONE,DEPRESSION,3,5.79,1.78,18.87,PREDNISOLONE + DEPRESSION
TEGRETOL,PAIN,3,5.79,1.71,19.61,TEGRETOL + PAIN
LETAIRIS,DYSPNOEA,264,5.76,4.81,6.91,LETAIRIS + DYSPNOEA
BABY ASPIRIN,DIZZINESS,5,5.76,2.19,15.19,BABY ASPIRIN + DIZZINESS
ATIVAN,VOMITING,3,5.76,1.72,19.26,ATIVAN + VOMITING
LYRICA,DRUG INEFFECTIVE,38,5.75,3.97,8.35,LYRICA + DRUG INEFFECTIVE
SPIRIVA,HEART RATE INCREASED,3,5.75,1.77,18.7,SPIRIVA + HEART RATE INCREASED
LISINOPRIL,PLATELET COUNT DECREASED,11,5.74,3.04,10.87,LISINOPRIL + PLATELET COUNT DECREASED
LYRICA,WHEEZING,3,5.73,1.73,18.95,LYRICA + WHEEZING
SIMVASTATIN,ALOPECIA,4,5.73,2.05,16.0,SIMVASTATIN + ALOPECIA
SERTRALINE,WEIGHT INCREASED,3,5.72,1.74,18.79,SERTRALINE + WEIGHT INCREASED
ADCIRCA,SYNCOPE,9,5.72,2.81,11.66,ADCIRCA + SYNCOPE
LETAIRIS,SINUSITIS,36,5.72,3.53,9.27,LETAIRIS + SINUSITIS
OXYTROL FOR WOMEN,INAPPROPRIATE SCHEDULE OF DRUG ADMINISTRATION,3,5.71,1.75,18.62,OXYTROL FOR WOMEN + INAPPROPRIATE SCHEDULE OF DRUG ADMINISTRATION
LEVOTHYROXINE,MUSCLE SPASMS,6,5.7,2.44,13.29,LEVOTHYROXINE + MUSCLE SPASMS
IRON,DIARRHOEA,6,5.7,2.37,13.7,IRON + DIARRHOEA
METOPROLOL,VISION BLURRED,4,5.69,2.04,15.93,METOPROLOL + VISION BLURRED
JAKAFI,TOOTH INFECTION,5,5.69,1.73,18.66,JAKAFI + TOOTH INFECTION
AMITRIPTYLINE,RASH,3,5.68,1.72,18.71,AMITRIPTYLINE + RASH
DIGOXIN,ANAEMIA,3,5.68,1.69,19.05,DIGOXIN + ANAEMIA
FLUOROURACIL,NAUSEA,4,5.67,1.94,16.62,FLUOROURACIL + NAUSEA
WELLBUTRIN,NAUSEA,4,5.67,1.94,16.62,WELLBUTRIN + NAUSEA
LETAIRIS,NASOPHARYNGITIS,80,5.67,4.1,7.84,LETAIRIS + NASOPHARYNGITIS
OXALIPLATIN,DIARRHOEA,4,5.67,1.94,16.55,OXALIPLATIN + DIARRHOEA
IRON,ABDOMINAL PAIN,3,5.64,1.72,18.53,IRON + ABDOMINAL PAIN
VICODIN,ABDOMINAL PAIN,3,5.64,1.72,18.53,VICODIN + ABDOMINAL PAIN
OXYCODONE,INSOMNIA,3,5.64,1.72,18.48,OXYCODONE + INSOMNIA
AMBIEN,WEIGHT INCREASED,4,5.64,2.01,15.83,AMBIEN + WEIGHT INCREASED
DILTIAZEM,DYSPNOEA,7,5.63,2.41,13.19,DILTIAZEM + DYSPNOEA
LOSARTAN,HYPOAESTHESIA,3,5.61,1.73,18.21,LOSARTAN + HYPOAESTHESIA
TYSABRI,DEPRESSION,6,5.61,2.41,13.07,TYSABRI + DEPRESSION
TECFIDERA,RHINORRHOEA,4,5.6,1.97,15.96,TECFIDERA + RHINORRHOEA
TECFIDERA,ADVERSE EVENT,4,5.6,1.97,15.96,TECFIDERA + ADVERSE EVENT
MIRALAX,DRUG INEFFECTIVE,8,5.58,2.53,12.32,MIRALAX + DRUG INEFFECTIVE
ENBREL,PYREXIA,7,5.58,2.53,12.29,ENBREL + PYREXIA
LEVOTHYROXINE,WRONG TECHNIQUE IN DRUG USAGE PROCESS,3,5.58,1.71,18.2,LEVOTHYROXINE + WRONG TECHNIQUE IN DRUG USAGE PROCESS
AVONEX,VISUAL IMPAIRMENT,3,5.57,1.7,18.23,AVONEX + VISUAL IMPAIRMENT
LORTAB,NAUSEA,3,5.57,1.62,19.21,LORTAB + NAUSEA
KEPPRA,WEIGHT INCREASED,3,5.57,1.7,18.26,KEPPRA + WEIGHT INCREASED
AMBIEN,ABDOMINAL PAIN,4,5.56,1.98,15.6,AMBIEN + ABDOMINAL PAIN
OXYTROL FOR WOMEN,OFF LABEL USE,8,5.55,2.65,11.61,OXYTROL FOR WOMEN + OFF LABEL USE
COPAXONE,HEADACHE,3,5.54,1.57,19.53,COPAXONE + HEADACHE
CITALOPRAM,GAIT DISTURBANCE,3,5.54,1.71,18.0,CITALOPRAM + GAIT DISTURBANCE
TYSABRI,CHILLS,3,5.54,1.7,18.05,TYSABRI + CHILLS
SIMVASTATIN,HAEMOGLOBIN DECREASED,9,5.53,2.75,11.14,SIMVASTATIN + HAEMOGLOBIN DECREASED
PROTONIX,WEIGHT DECREASED,3,5.53,1.69,18.07,PROTONIX + WEIGHT DECREASED
TOPROL XL,VOMITING,3,5.52,1.66,18.44,TOPROL XL + VOMITING
BACLOFEN,VOMITING,3,5.52,1.66,18.44,BACLOFEN + VOMITING
ZOLOFT,WEIGHT INCREASED,4,5.52,1.97,15.5,ZOLOFT + WEIGHT INCREASED
XELODA,VOMITING,5,5.52,2.16,14.1,XELODA + VOMITING
ADCIRCA,EAR INFECTION,3,5.52,1.63,18.69,ADCIRCA + EAR INFECTION
EVEROLIMUS,DYSPNOEA,3,5.52,1.51,20.11,EVEROLIMUS + DYSPNOEA
SIMVASTATIN,THROMBOCYTOPENIA,3,5.51,1.69,17.95,SIMVASTATIN + THROMBOCYTOPENIA
ENBREL,LOSS OF CONSCIOUSNESS,3,5.51,1.7,17.9,ENBREL + LOSS OF CONSCIOUSNESS
LEVOXYL,DIZZINESS,3,5.5,1.59,19.1,LEVOXYL + DIZZINESS
XELODA,DIARRHOEA,7,5.5,2.44,12.37,XELODA + DIARRHOEA
COUMADIN,BACK PAIN,4,5.49,1.97,15.33,COUMADIN + BACK PAIN
KEPPRA,ABDOMINAL PAIN,3,5.49,1.67,18.0,KEPPRA + ABDOMINAL PAIN
ZOLPIDEM,DIARRHOEA,3,5.49,1.6,18.82,ZOLPIDEM + DIARRHOEA
DEXAMETHASONE,VOMITING,6,5.48,2.33,12.91,DEXAMETHASONE + VOMITING
ALLOPURINOL,ANAEMIA,14,5.47,3.09,9.68,ALLOPURINOL + ANAEMIA
MULTIVITAMINS,PLATELET COUNT DECREASED,3,5.47,1.66,18.0,MULTIVITAMINS + PLATELET COUNT DECREASED
ASPIRIN,SKIN LESION,4,5.46,1.89,15.78,ASPIRIN + SKIN LESION
DEPAKOTE,HYPERSENSITIVITY,5,5.44,2.16,13.71,DEPAKOTE + HYPERSENSITIVITY
OXYCODONE,OFF LABEL USE,3,5.43,1.66,17.79,OXYCODONE + OFF LABEL USE
ADCIRCA,BRONCHITIS,7,5.43,2.43,12.12,ADCIRCA + BRONCHITIS
ATIVAN,DIARRHOEA,4,5.42,1.86,15.77,ATIVAN + DIARRHOEA
TYSABRI,HYPOAESTHESIA,5,5.42,2.15,13.62,TYSABRI + HYPOAESTHESIA
EFFEXOR,NAUSEA,4,5.42,1.86,15.81,EFFEXOR + NAUSEA
ENBREL,PAIN,10,5.41,2.76,10.6,ENBREL + PAIN
PREVACID,FATIGUE,5,5.4,2.02,14.47,PREVACID + FATIGUE
WELLBUTRIN,FATIGUE,5,5.4,2.02,14.47,WELLBUTRIN + FATIGUE
CELEBREX,PAIN IN EXTREMITY,4,5.4,1.93,15.13,CELEBREX + PAIN IN EXTREMITY
LETAIRIS,SINUS DISORDER,10,5.4,2.19,13.31,LETAIRIS + SINUS DISORDER
AVODART,FATIGUE,4,5.39,1.8,16.2,AVODART + FATIGUE
FISH OIL,PLATELET COUNT DECREASED,6,5.39,2.3,12.59,FISH OIL + PLATELET COUNT DECREASED
FOLIC ACID.,FATIGUE,3,5.38,1.51,19.15,FOLIC ACID. + FATIGUE
PAROXETINE,FATIGUE,3,5.38,1.51,19.15,PAROXETINE + FATIGUE
METOPROLOL TARTRATE,FATIGUE,3,5.38,1.51,19.15,METOPROLOL TARTRATE + FATIGUE
TECFIDERA,MEMORY IMPAIRMENT,6,5.37,2.28,12.65,TECFIDERA + MEMORY IMPAIRMENT
LEXAPRO,DIARRHOEA,6,5.37,2.24,12.87,LEXAPRO + DIARRHOEA
ASPIRIN,ASPARTATE AMINOTRANSFERASE INCREASED,3,5.37,1.58,18.25,ASPIRIN + ASPARTATE AMINOTRANSFERASE INCREASED
LYRICA,JOINT SWELLING,3,5.37,1.63,17.7,LYRICA + JOINT SWELLING
NEURONTIN,RASH,3,5.35,1.63,17.59,NEURONTIN + RASH
LETAIRIS,DYSPHONIA,11,5.35,2.27,12.62,LETAIRIS + DYSPHONIA
SYNTHROID,INJURY,3,5.34,1.64,17.42,SYNTHROID + INJURY
ASPIRIN.,PAIN,4,5.34,1.86,15.3,ASPIRIN. + PAIN
REVATIO,COUGH,19,5.34,3.26,8.75,REVATIO + COUGH
TRACLEER,DYSPNOEA,12,5.33,2.79,10.19,TRACLEER + DYSPNOEA
LISINOPRIL,ABDOMINAL DISTENSION,4,5.33,1.91,14.9,LISINOPRIL + ABDOMINAL DISTENSION
CALCIUM,PLATELET COUNT DECREASED,6,5.31,2.27,12.4,CALCIUM + PLATELET COUNT DECREASED
ADCIRCA,OEDEMA,13,5.31,2.93,9.6,ADCIRCA + OEDEMA
CLONAZEPAM,PLATELET COUNT DECREASED,3,5.3,1.61,17.45,CLONAZEPAM + PLATELET COUNT DECREASED
AVONEX,FEELING ABNORMAL,8,5.29,2.53,11.05,AVONEX + FEELING ABNORMAL
SERTRALINE HCL,DRUG INEFFECTIVE,3,5.29,1.47,19.01,SERTRALINE HCL + DRUG INEFFECTIVE
HYDREA,ANAEMIA,6,5.28,2.24,12.44,HYDREA + ANAEMIA
TECFIDERA,HYPERHIDROSIS,6,5.27,2.24,12.4,TECFIDERA + HYPERHIDROSIS
MULTIVITAMIN,PRODUCT QUALITY ISSUE,3,5.27,1.62,17.1,MULTIVITAMIN + PRODUCT QUALITY ISSUE
HUMIRA,ALOPECIA,4,5.27,1.89,14.69,HUMIRA + ALOPECIA
SUTENT,PAIN,3,5.26,1.56,17.69,SUTENT + PAIN
CELEXA,PAIN,3,5.26,1.56,17.69,CELEXA + PAIN
AMOXICILLIN,COUGH,3,5.26,1.59,17.45,AMOXICILLIN + COUGH
VENTAVIS,DIZZINESS,7,5.25,2.33,11.87,VENTAVIS + DIZZINESS
WELLBUTRIN,DIZZINESS,4,5.25,1.79,15.39,WELLBUTRIN + DIZZINESS
CETIRIZINE,DRUG INEFFECTIVE,7,5.25,2.27,12.16,CETIRIZINE + DRUG INEFFECTIVE
LAMOTRIGINE,NAUSEA,3,5.24,1.53,17.98,LAMOTRIGINE + NAUSEA
PREDNISONE,ABDOMINAL DISCOMFORT,4,5.24,1.87,14.64,PREDNISONE + ABDOMINAL DISCOMFORT
TOPROL XL,ANAEMIA,3,5.22,1.57,17.42,TOPROL XL + ANAEMIA
OMEPRAZOLE,HAEMOGLOBIN DECREASED,12,5.22,2.83,9.6,OMEPRAZOLE + HAEMOGLOBIN DECREASED
CLONAZEPAM,HAEMOGLOBIN DECREASED,3,5.21,1.58,17.12,CLONAZEPAM + HAEMOGLOBIN DECREASED
ATENOLOL,GAIT DISTURBANCE,3,5.2,1.6,16.87,ATENOLOL + GAIT DISTURBANCE
XANAX,SOMNOLENCE,3,5.19,1.6,16.86,XANAX + SOMNOLENCE
PANTOPRAZOLE,PYREXIA,4,5.19,1.85,14.58,PANTOPRAZOLE + PYREXIA
TYLENOL,PYREXIA,4,5.19,1.85,14.58,TYLENOL + PYREXIA
PLAVIX,WEIGHT INCREASED,5,5.18,2.06,13.05,PLAVIX + WEIGHT INCREASED
XANAX,INSOMNIA,4,5.17,1.85,14.47,XANAX + INSOMNIA
ALLOPURINOL,WHITE BLOOD CELL COUNT DECREASED,3,5.16,1.58,16.81,ALLOPURINOL + WHITE BLOOD CELL COUNT DECREASED
GABAPENTIN,PLATELET COUNT DECREASED,6,5.16,2.21,12.04,GABAPENTIN + PLATELET COUNT DECREASED
VITAMIN C,PLATELET COUNT DECREASED,3,5.15,1.57,16.92,VITAMIN C + PLATELET COUNT DECREASED
VITAMIN D3,PLATELET COUNT DECREASED,3,5.15,1.57,16.92,VITAMIN D3 + PLATELET COUNT DECREASED
LISINOPRIL,BLOOD COUNT ABNORMAL,4,5.15,1.84,14.38,LISINOPRIL + BLOOD COUNT ABNORMAL
ALLOPURINOL,MUSCLE SPASMS,6,5.14,2.21,11.97,ALLOPURINOL + MUSCLE SPASMS
VITAMIN C,ANAEMIA,4,5.14,1.81,14.6,VITAMIN C + ANAEMIA
PARACETAMOL,DRUG INTERACTION,5,5.12,2.04,12.87,PARACETAMOL + DRUG INTERACTION
JAKAFI,THROMBOCYTOPENIA,23,5.12,2.98,8.81,JAKAFI + THROMBOCYTOPENIA
YAZ,CHEST PAIN,3,5.12,1.57,16.66,YAZ + CHEST PAIN
VITAMIN D,HYPERHIDROSIS,3,5.12,1.58,16.61,VITAMIN D + HYPERHIDROSIS
COMBIVENT,DRUG INEFFECTIVE,5,5.12,1.9,13.76,COMBIVENT + DRUG INEFFECTIVE
SIMVASTATIN,MUSCLE SPASMS,5,5.11,2.04,12.84,SIMVASTATIN + MUSCLE SPASMS
LEVOTHYROXINE,PLATELET COUNT DECREASED,9,5.11,2.55,10.28,LEVOTHYROXINE + PLATELET COUNT DECREASED
TECFIDERA,STRESS,3,5.11,1.54,16.99,TECFIDERA + STRESS
JAKAFI,TENDERNESS,3,5.11,1.14,22.86,JAKAFI + TENDERNESS
JAKAFI,HYPERSOMNIA,3,5.11,1.14,22.86,JAKAFI + HYPERSOMNIA
TYLENOL,ASTHENIA,5,5.1,2.01,12.99,TYLENOL + ASTHENIA
ASPIRIN,POLLAKIURIA,3,5.1,1.51,17.26,ASPIRIN + POLLAKIURIA
LETAIRIS,BRONCHITIS,28,5.08,2.99,8.65,LETAIRIS + BRONCHITIS
PREDNISONE.,DRUG INEFFECTIVE,6,5.08,2.06,12.53,PREDNISONE. + DRUG INEFFECTIVE
AMPYRA,FATIGUE,4,5.08,1.7,15.15,AMPYRA + FATIGUE
JAKAFI,WEIGHT INCREASED,61,5.07,3.63,7.09,JAKAFI + WEIGHT INCREASED
LASIX,HAEMORRHAGE,3,5.07,1.56,16.45,LASIX + HAEMORRHAGE
ADCIRCA,SINUSITIS,8,5.06,2.4,10.71,ADCIRCA + SINUSITIS
LIPITOR,MELAENA,4,5.06,1.65,15.58,LIPITOR + MELAENA
LYRICA,FEELING ABNORMAL,10,5.06,2.6,9.83,LYRICA + FEELING ABNORMAL
ADCIRCA,UNEVALUABLE EVENT,13,5.03,2.78,9.09,ADCIRCA + UNEVALUABLE EVENT
FISH OIL,WEIGHT INCREASED,5,5.03,2.0,12.65,FISH OIL + WEIGHT INCREASED
PREDNISOLONE,ANXIETY,3,5.03,1.55,16.35,PREDNISOLONE + ANXIETY
LEVOTHYROXINE,THROMBOCYTOPENIA,3,5.03,1.55,16.35,LEVOTHYROXINE + THROMBOCYTOPENIA
ZOLOFT,ANXIETY,3,5.03,1.55,16.35,ZOLOFT + ANXIETY
POTASSIUM,WEIGHT INCREASED,3,5.02,1.54,16.4,POTASSIUM + WEIGHT INCREASED
BABY ASPIRIN,ANAEMIA,3,5.02,1.51,16.71,BABY ASPIRIN + ANAEMIA
PREDNISONE.,ANAEMIA,3,5.02,1.51,16.71,PREDNISONE. + ANAEMIA
TYSABRI,ASTHENIA,11,5.02,2.65,9.49,TYSABRI + ASTHENIA
SOVALDI,DYSPNOEA,3,5.02,1.39,18.03,SOVALDI + DYSPNOEA
BRILINTA,DYSPNOEA,3,5.02,1.39,18.03,BRILINTA + DYSPNOEA
EFFEXOR,DIZZINESS,4,5.01,1.72,14.63,EFFEXOR + DIZZINESS
REVATIO,NASAL CONGESTION,11,5.01,2.65,9.47,REVATIO + NASAL CONGESTION
IRON,PLATELET COUNT DECREASED,3,5.01,1.53,16.43,IRON + PLATELET COUNT DECREASED
LISINOPRIL,WRONG TECHNIQUE IN DRUG USAGE PROCESS,3,5.0,1.54,16.3,LISINOPRIL + WRONG TECHNIQUE IN DRUG USAGE PROCESS
SYNTHROID,CONTUSION,5,5.0,1.99,12.55,SYNTHROID + CONTUSION
PLAVIX,NASOPHARYNGITIS,5,5.0,1.99,12.59,PLAVIX + NASOPHARYNGITIS
FOLIC ACID,HYPOAESTHESIA,5,5.0,1.99,12.55,FOLIC ACID + HYPOAESTHESIA
FOLIC ACID,LOSS OF CONSCIOUSNESS,4,5.0,1.79,13.93,FOLIC ACID + LOSS OF CONSCIOUSNESS
OMEPRAZOLE,SWELLING FACE,3,5.0,1.53,16.34,OMEPRAZOLE + SWELLING FACE
LOSARTAN,PYREXIA,5,5.0,1.98,12.6,LOSARTAN + PYREXIA
SPIRIVA,VISION BLURRED,3,4.99,1.54,16.17,SPIRIVA + VISION BLURRED
METHOTREXATE,LOCAL SWELLING,3,4.99,1.54,16.18,METHOTREXATE + LOCAL SWELLING
ENBREL,INFLUENZA,3,4.99,1.54,16.15,ENBREL + INFLUENZA
NEXIUM,OFF LABEL USE,4,4.98,1.78,13.93,NEXIUM + OFF LABEL USE
LISINOPRIL,PARAESTHESIA,5,4.98,1.98,12.51,LISINOPRIL + PARAESTHESIA
PLAVIX,GAIT DISTURBANCE,3,4.98,1.54,16.12,PLAVIX + GAIT DISTURBANCE
PRILOSEC,PYREXIA,4,4.97,1.77,13.95,PRILOSEC + PYREXIA
LISINOPRIL,ANAEMIA,13,4.97,2.76,8.95,LISINOPRIL + ANAEMIA
CARDIZEM,FATIGUE,3,4.97,1.41,17.5,CARDIZEM + FATIGUE
TOPROL XL,NAUSEA,4,4.96,1.71,14.39,TOPROL XL + NAUSEA
GABAPENTIN,OFF LABEL USE,5,4.96,1.97,12.47,GABAPENTIN + OFF LABEL USE
LISINOPRIL.,TYPE 2 DIABETES MELLITUS,4,4.96,1.65,14.89,LISINOPRIL. + TYPE 2 DIABETES MELLITUS
ZETIA,TYPE 2 DIABETES MELLITUS,4,4.96,1.65,14.89,ZETIA + TYPE 2 DIABETES MELLITUS
TYSABRI,URINARY TRACT INFECTION,4,4.96,1.78,13.8,TYSABRI + URINARY TRACT INFECTION
METFORMIN,RENAL FAILURE ACUTE,3,4.96,1.52,16.11,METFORMIN + RENAL FAILURE ACUTE
DOXORUBICIN,NAUSEA,3,4.95,1.45,16.89,DOXORUBICIN + NAUSEA
CODEINE,NAUSEA,3,4.95,1.45,16.89,CODEINE + NAUSEA
ATORVASTATIN CALCIUM,TYPE 2 DIABETES MELLITUS,3,4.95,1.39,17.6,ATORVASTATIN CALCIUM + TYPE 2 DIABETES MELLITUS
TYSABRI,PAIN IN EXTREMITY,7,4.95,2.26,10.84,TYSABRI + PAIN IN EXTREMITY
TYVASO,OROPHARYNGEAL PAIN,4,4.94,1.75,13.88,TYVASO + OROPHARYNGEAL PAIN
ZOFRAN,VOMITING,3,4.93,1.49,16.35,ZOFRAN + VOMITING
SINGULAIR,OVERDOSE,3,4.93,1.51,16.07,SINGULAIR + OVERDOSE
REVLIMID,CONSTIPATION,3,4.93,1.52,15.95,REVLIMID + CONSTIPATION
AMLODIPINE,BLOOD PRESSURE INCREASED,3,4.92,1.52,15.98,AMLODIPINE + BLOOD PRESSURE INCREASED
FISH OIL,ANXIETY,4,4.92,1.77,13.7,FISH OIL + ANXIETY
ACYCLOVIR,DIARRHOEA,3,4.91,1.44,16.67,ACYCLOVIR + DIARRHOEA
PROTONIX,WEIGHT INCREASED,3,4.9,1.5,16.0,PROTONIX + WEIGHT INCREASED
LYRICA,VISION BLURRED,5,4.9,1.94,12.36,LYRICA + VISION BLURRED
SYNTHROID,PLATELET COUNT DECREASED,9,4.89,2.44,9.81,SYNTHROID + PLATELET COUNT DECREASED
PRILOSEC,DIARRHOEA,7,4.89,2.19,10.92,PRILOSEC + DIARRHOEA
LETAIRIS,DYSPNOEA EXERTIONAL,17,4.88,2.48,9.57,LETAIRIS + DYSPNOEA EXERTIONAL
LETAIRIS,COUGH,99,4.87,3.68,6.45,LETAIRIS + COUGH
ADVAIR,ARTHRALGIA,3,4.87,1.5,15.84,ADVAIR + ARTHRALGIA
REVATIO,FLUID RETENTION,9,4.87,2.42,9.8,REVATIO + FLUID RETENTION
TYLENOL,ANAEMIA,5,4.87,1.91,12.38,TYLENOL + ANAEMIA
PANTOPRAZOLE,ANAEMIA,5,4.87,1.91,12.38,PANTOPRAZOLE + ANAEMIA
SPIRONOLACTONE,VOMITING,4,4.86,1.72,13.75,SPIRONOLACTONE + VOMITING
LETAIRIS,PRODUCTIVE COUGH,9,4.86,1.93,12.26,LETAIRIS + PRODUCTIVE COUGH
TYVASO,NASOPHARYNGITIS,12,4.86,2.64,8.93,TYVASO + NASOPHARYNGITIS
CITALOPRAM,SOMNOLENCE,3,4.86,1.5,15.74,CITALOPRAM + SOMNOLENCE
LETAIRIS,OCULAR HYPERAEMIA,8,4.86,1.82,12.96,LETAIRIS + OCULAR HYPERAEMIA
VITAMIN D,GASTROINTESTINAL HAEMORRHAGE,3,4.86,1.5,15.74,VITAMIN D + GASTROINTESTINAL HAEMORRHAGE
LETAIRIS,PAIN IN JAW,6,4.85,1.56,15.06,LETAIRIS + PAIN IN JAW
VENTAVIS,NASOPHARYNGITIS,3,4.85,1.48,15.84,VENTAVIS + NASOPHARYNGITIS
TYSABRI,ANXIETY,6,4.85,2.09,11.26,TYSABRI + ANXIETY
HYDROXYZINE,DRUG INEFFECTIVE,3,4.84,1.36,17.22,HYDROXYZINE + DRUG INEFFECTIVE
TACROLIMUS,DRUG INEFFECTIVE,3,4.84,1.36,17.22,TACROLIMUS + DRUG INEFFECTIVE
CLONIDINE,DRUG INEFFECTIVE,3,4.84,1.36,17.22,CLONIDINE + DRUG INEFFECTIVE
ALLOPURINOL.,DRUG INEFFECTIVE,3,4.84,1.36,17.22,ALLOPURINOL. + DRUG INEFFECTIVE
SIMVASTATIN,DEHYDRATION,3,4.84,1.49,15.71,SIMVASTATIN + DEHYDRATION
AMBIEN,HAEMOGLOBIN DECREASED,4,4.84,1.73,13.57,AMBIEN + HAEMOGLOBIN DECREASED
LEVOTHYROXINE,CHEST DISCOMFORT,3,4.84,1.49,15.71,LEVOTHYROXINE + CHEST DISCOMFORT
JAKAFI,SKIN LESION,12,4.84,2.3,10.15,JAKAFI + SKIN LESION
DEPAKOTE,INCORRECT DOSE ADMINISTERED,3,4.83,1.49,15.72,DEPAKOTE + INCORRECT DOSE ADMINISTERED
OMEPRAZOLE,HYPOAESTHESIA,6,4.83,2.07,11.23,OMEPRAZOLE + HYPOAESTHESIA
CALCIUM,CONTUSION,3,4.82,1.49,15.61,CALCIUM + CONTUSION
TYLENOL,PRURITUS,3,4.82,1.48,15.69,TYLENOL + PRURITUS
ATORVASTATIN,PYREXIA,6,4.82,2.07,11.23,ATORVASTATIN + PYREXIA
SYNTHROID,THROMBOCYTOPENIA,3,4.82,1.48,15.65,SYNTHROID + THROMBOCYTOPENIA
SPIRONOLACTONE,ASTHENIA,4,4.82,1.7,13.61,SPIRONOLACTONE + ASTHENIA
KEPPRA,PYREXIA,3,4.81,1.47,15.77,KEPPRA + PYREXIA
OMEPRAZOLE.,HEADACHE,4,4.81,1.64,14.15,OMEPRAZOLE. + HEADACHE
NORCO,HEADACHE,4,4.81,1.64,14.15,NORCO + HEADACHE
LASIX,GASTROINTESTINAL HAEMORRHAGE,3,4.81,1.48,15.58,LASIX + GASTROINTESTINAL HAEMORRHAGE
XELJANZ,HEADACHE,3,4.8,1.38,16.66,XELJANZ + HEADACHE
NEXIUM,ANAEMIA,6,4.8,2.04,11.26,NEXIUM + ANAEMIA
ATIVAN,DIZZINESS,4,4.8,1.65,13.94,ATIVAN + DIZZINESS
METOPROLOL,CHEST DISCOMFORT,3,4.8,1.48,15.57,METOPROLOL + CHEST DISCOMFORT
CYMBALTA,DRUG INTERACTION,3,4.79,1.47,15.57,CYMBALTA + DRUG INTERACTION
SIMVASTATIN,PARAESTHESIA,4,4.78,1.72,13.29,SIMVASTATIN + PARAESTHESIA
SIMVASTATIN,HYPERTENSION,4,4.78,1.72,13.29,SIMVASTATIN + HYPERTENSION
NEXIUM,ABDOMINAL PAIN,4,4.77,1.71,13.33,NEXIUM + ABDOMINAL PAIN
PREDNISOLONE,PYREXIA,4,4.77,1.7,13.37,PREDNISOLONE + PYREXIA
ONDANSETRON,NAUSEA,4,4.76,1.65,13.77,ONDANSETRON + NAUSEA
RANITIDINE,VOMITING,3,4.76,1.44,15.75,RANITIDINE + VOMITING
AVONEX,CHILLS,3,4.76,1.46,15.47,AVONEX + CHILLS
COUMADIN,OEDEMA PERIPHERAL,4,4.76,1.71,13.24,COUMADIN + OEDEMA PERIPHERAL
CYMBALTA,FEELING ABNORMAL,3,4.75,1.46,15.44,CYMBALTA + FEELING ABNORMAL
AMLODIPINE,LOCAL SWELLING,3,4.75,1.47,15.41,AMLODIPINE + LOCAL SWELLING
ALLOPURINOL,ARTHRALGIA,7,4.74,2.17,10.38,ALLOPURINOL + ARTHRALGIA
ATENOLOL,FALL,5,4.74,1.88,11.94,ATENOLOL + FALL
TECFIDERA,NAUSEA,28,4.73,3.13,7.16,TECFIDERA + NAUSEA
CITALOPRAM,VOMITING,6,4.73,2.02,11.08,CITALOPRAM + VOMITING
PLAVIX,DRUG INTERACTION,4,4.73,1.7,13.17,PLAVIX + DRUG INTERACTION
FISH OIL,NAUSEA,10,4.72,2.4,9.28,FISH OIL + NAUSEA
RITUXIMAB,ABDOMINAL PAIN,3,4.72,1.45,15.39,RITUXIMAB + ABDOMINAL PAIN
SINGULAIR,ABDOMINAL PAIN,3,4.72,1.45,15.39,SINGULAIR + ABDOMINAL PAIN
PARAGARD 380A,ABDOMINAL PAIN,3,4.72,1.45,15.39,PARAGARD 380A + ABDOMINAL PAIN
ALLOPURINOL,CONTUSION,5,4.72,1.88,11.83,ALLOPURINOL + CONTUSION
PRAVASTATIN,ASTHENIA,3,4.72,1.43,15.6,PRAVASTATIN + ASTHENIA
LIPITOR,CATARACT,6,4.71,1.89,11.72,LIPITOR + CATARACT
DIANEAL LOW CALCIUM,LOCAL SWELLING,5,4.71,1.86,11.89,DIANEAL LOW CALCIUM + LOCAL SWELLING
KLONOPIN,MALAISE,3,4.7,1.4,15.81,KLONOPIN + MALAISE
NORVASC,OEDEMA PERIPHERAL,3,4.7,1.45,15.25,NORVASC + OEDEMA PERIPHERAL
HYDROCHLOROTHIAZIDE,DRUG INTERACTION,3,4.7,1.45,15.26,HYDROCHLOROTHIAZIDE + DRUG INTERACTION
AMLODIPINE,DRUG INTERACTION,6,4.7,2.02,10.91,AMLODIPINE + DRUG INTERACTION
SINGULAIR,COUGH,4,4.69,1.67,13.21,SINGULAIR + COUGH
ALEVE,NAUSEA,3,4.69,1.38,15.93,ALEVE + NAUSEA
LISINOPRIL,CONTUSION,5,4.68,1.87,11.73,LISINOPRIL + CONTUSION
HYDROXYUREA,HEADACHE,6,4.68,1.94,11.27,HYDROXYUREA + HEADACHE
DIANEAL LOW CALCIUM,CEREBROVASCULAR ACCIDENT,6,4.67,2.0,10.9,DIANEAL LOW CALCIUM + CEREBROVASCULAR ACCIDENT
JAKAFI,EPISTAXIS,27,4.67,2.85,7.63,JAKAFI + EPISTAXIS
AUBAGIO,DIARRHOEA,3,4.66,1.38,15.77,AUBAGIO + DIARRHOEA
LEXAPRO,HAEMOGLOBIN DECREASED,3,4.66,1.42,15.24,LEXAPRO + HAEMOGLOBIN DECREASED
ACETAMINOPHEN,HAEMOGLOBIN DECREASED,3,4.66,1.42,15.24,ACETAMINOPHEN + HAEMOGLOBIN DECREASED
MIRENA,OFF LABEL USE,4,4.66,1.67,12.98,MIRENA + OFF LABEL USE
REVATIO,DYSPNOEA EXERTIONAL,3,4.65,1.41,15.35,REVATIO + DYSPNOEA EXERTIONAL
LASIX,BLOOD COUNT ABNORMAL,3,4.65,1.44,15.06,LASIX + BLOOD COUNT ABNORMAL
LISINOPRIL,DECREASED APPETITE,6,4.64,2.0,10.78,LISINOPRIL + DECREASED APPETITE
ASPIRIN,HAEMATURIA,3,4.64,1.38,15.58,ASPIRIN + HAEMATURIA
FENTANYL,PAIN,3,4.63,1.39,15.43,FENTANYL + PAIN
METHOTREXATE,PNEUMONIA,6,4.62,1.99,10.74,METHOTREXATE + PNEUMONIA
TECFIDERA,VISUAL IMPAIRMENT,4,4.62,1.64,13.03,TECFIDERA + VISUAL IMPAIRMENT
TECFIDERA,INFLUENZA LIKE ILLNESS,4,4.62,1.64,13.03,TECFIDERA + INFLUENZA LIKE ILLNESS
HUMIRA,HYPERHIDROSIS,3,4.62,1.42,14.97,HUMIRA + HYPERHIDROSIS
SYNTHROID,ASTHENIA,11,4.61,2.44,8.7,SYNTHROID + ASTHENIA
FISH OIL,ANAEMIA,7,4.61,2.09,10.16,FISH OIL + ANAEMIA
AVASTIN,DEATH,3,4.61,1.37,15.53,AVASTIN + DEATH
ADCIRCA,NASAL CONGESTION,13,4.6,2.55,8.3,ADCIRCA + NASAL CONGESTION
OXYCODONE,ANAEMIA,4,4.6,1.63,12.99,OXYCODONE + ANAEMIA
OMEPRAZOLE,DEHYDRATION,4,4.58,1.64,12.78,OMEPRAZOLE + DEHYDRATION
SYNTHROID,FATIGUE,21,4.58,2.83,7.4,SYNTHROID + FATIGUE
WARFARIN,ARTHRALGIA,5,4.57,1.82,11.45,WARFARIN + ARTHRALGIA
REVATIO,OEDEMA,9,4.57,2.27,9.17,REVATIO + OEDEMA
AMPYRA,DRUG INEFFECTIVE,4,4.57,1.53,13.62,AMPYRA + DRUG INEFFECTIVE
LORAZEPAM,PYREXIA,3,4.57,1.4,14.92,LORAZEPAM + PYREXIA
PARACETAMOL,HYPERTENSION,3,4.55,1.41,14.72,PARACETAMOL + HYPERTENSION
NEURONTIN,PAIN,4,4.55,1.6,12.92,NEURONTIN + PAIN
JAKAFI,ACCIDENTAL OVERDOSE,4,4.54,1.28,16.13,JAKAFI + ACCIDENTAL OVERDOSE
SPIRONOLACTONE,HAEMOGLOBIN DECREASED,3,4.54,1.39,14.83,SPIRONOLACTONE + HAEMOGLOBIN DECREASED
SIMVASTATIN,PALPITATIONS,3,4.53,1.4,14.66,SIMVASTATIN + PALPITATIONS
VITAMIN D3,NAUSEA,5,4.52,1.75,11.66,VITAMIN D3 + NAUSEA
LETAIRIS,NO THERAPEUTIC RESPONSE,13,4.52,2.12,9.63,LETAIRIS + NO THERAPEUTIC RESPONSE
AMLODIPINE,VISION BLURRED,3,4.52,1.4,14.62,AMLODIPINE + VISION BLURRED
PREDNISONE,THROMBOCYTOPENIA,3,4.51,1.39,14.65,PREDNISONE + THROMBOCYTOPENIA
LYRICA,NEUROPATHY PERIPHERAL,4,4.51,1.61,12.62,LYRICA + NEUROPATHY PERIPHERAL
HYDREA,ASTHENIA,5,4.5,1.78,11.39,HYDREA + ASTHENIA
DEXAMETHASONE,PYREXIA,4,4.5,1.61,12.58,DEXAMETHASONE + PYREXIA
SIMVASTATIN,HYPOAESTHESIA,4,4.49,1.62,12.47,SIMVASTATIN + HYPOAESTHESIA
SIMVASTATIN.,FATIGUE,6,4.48,1.85,10.84,SIMVASTATIN. + FATIGUE
PRISTIQ,DRUG INEFFECTIVE,3,4.47,1.27,15.74,PRISTIQ + DRUG INEFFECTIVE
ATENOLOL,DEPRESSION,3,4.47,1.38,14.45,ATENOLOL + DEPRESSION
ATORVASTATIN,ANXIETY,4,4.47,1.61,12.41,ATORVASTATIN + ANXIETY
ZOLOFT,NAUSEA,7,4.47,2.0,9.96,ZOLOFT + NAUSEA
ADCIRCA,CHEST DISCOMFORT,6,4.45,1.89,10.48,ADCIRCA + CHEST DISCOMFORT
SEROQUEL,PAIN,3,4.45,1.34,14.8,SEROQUEL + PAIN
NORCO,DIARRHOEA,3,4.44,1.32,14.96,NORCO + DIARRHOEA
MAGNESIUM,DIARRHOEA,3,4.44,1.32,14.96,MAGNESIUM + DIARRHOEA
OMEPRAZOLE.,DIARRHOEA,3,4.44,1.32,14.96,OMEPRAZOLE. + DIARRHOEA
ASPIRIN,RECTAL HAEMORRHAGE,3,4.43,1.32,14.85,ASPIRIN + RECTAL HAEMORRHAGE
LEVOTHYROXINE,ARTHRALGIA,6,4.43,1.91,10.28,LEVOTHYROXINE + ARTHRALGIA
LASIX,EPISTAXIS,3,4.43,1.37,14.33,LASIX + EPISTAXIS
TYSABRI,CONFUSIONAL STATE,3,4.43,1.37,14.33,TYSABRI + CONFUSIONAL STATE
LISINOPRIL,NEUROPATHY PERIPHERAL,3,4.42,1.36,14.35,LISINOPRIL + NEUROPATHY PERIPHERAL
LYRICA,MYOCARDIAL INFARCTION,4,4.42,1.58,12.37,LYRICA + MYOCARDIAL INFARCTION
LEVOTHYROXINE,LOCAL SWELLING,3,4.42,1.36,14.31,LEVOTHYROXINE + LOCAL SWELLING
ZOFRAN,NAUSEA,4,4.41,1.53,12.68,ZOFRAN + NAUSEA
ADVIL,ASTHENIA,3,4.41,1.34,14.54,ADVIL + ASTHENIA
LISINOPRIL,CEREBROVASCULAR ACCIDENT,4,4.41,1.59,12.26,LISINOPRIL + CEREBROVASCULAR ACCIDENT
PREDNISOLONE,PNEUMONIA,3,4.41,1.36,14.3,PREDNISOLONE + PNEUMONIA
ASPIRIN,DECREASED APPETITE,12,4.4,2.39,8.12,ASPIRIN + DECREASED APPETITE
ASPIRIN,ATRIAL FIBRILLATION,4,4.4,1.54,12.54,ASPIRIN + ATRIAL FIBRILLATION
HUMIRA,ABDOMINAL PAIN,7,4.4,2.01,9.61,HUMIRA + ABDOMINAL PAIN
POTASSIUM,PLATELET COUNT DECREASED,3,4.4,1.35,14.34,POTASSIUM + PLATELET COUNT DECREASED
CYMBALTA,INSOMNIA,3,4.39,1.35,14.26,CYMBALTA + INSOMNIA
AMBIEN,INSOMNIA,3,4.39,1.35,14.26,AMBIEN + INSOMNIA
METHOTREXATE,DRUG INEFFECTIVE,19,4.39,2.65,7.28,METHOTREXATE + DRUG INEFFECTIVE
VICODIN,NAUSEA,5,4.39,1.71,11.29,VICODIN + NAUSEA
FOLIC ACID,HYPERHIDROSIS,3,4.38,1.35,14.2,FOLIC ACID + HYPERHIDROSIS
CALCIUM,WEIGHT DECREASED,4,4.38,1.58,12.18,CALCIUM + WEIGHT DECREASED
COUMADIN,RASH,5,4.38,1.74,10.98,COUMADIN + RASH
LEVOTHYROXINE,HYPERTENSION,4,4.35,1.57,12.09,LEVOTHYROXINE + HYPERTENSION
ZOCOR,ANAEMIA,3,4.35,1.32,14.36,ZOCOR + ANAEMIA
FUROSEMIDE.,ANAEMIA,3,4.35,1.32,14.36,FUROSEMIDE. + ANAEMIA
CELEBREX,ARTHRALGIA,3,4.35,1.34,14.08,CELEBREX + ARTHRALGIA
PREDNISONE,CHEST DISCOMFORT,3,4.34,1.34,14.07,PREDNISONE + CHEST DISCOMFORT
FUROSEMIDE,OEDEMA PERIPHERAL,4,4.34,1.56,12.04,FUROSEMIDE + OEDEMA PERIPHERAL
LIPITOR,BLINDNESS,5,4.33,1.61,11.65,LIPITOR + BLINDNESS
TYVASO,HEADACHE,27,4.33,2.84,6.6,TYVASO + HEADACHE
OMEPRAZOLE,WHITE BLOOD CELL COUNT DECREASED,3,4.33,1.33,14.08,OMEPRAZOLE + WHITE BLOOD CELL COUNT DECREASED
METHOTREXATE,PYREXIA,7,4.32,1.97,9.44,METHOTREXATE + PYREXIA
POTASSIUM,HAEMOGLOBIN DECREASED,3,4.32,1.32,14.08,POTASSIUM + HAEMOGLOBIN DECREASED
MAGNESIUM,FATIGUE,4,4.31,1.47,12.68,MAGNESIUM + FATIGUE
FISH OIL,HAEMOGLOBIN DECREASED,5,4.31,1.72,10.83,FISH OIL + HAEMOGLOBIN DECREASED
TECFIDERA,DYSPEPSIA,3,4.31,1.31,14.19,TECFIDERA + DYSPEPSIA
ZOMIG,DRUG INEFFECTIVE,4,4.31,1.45,12.79,ZOMIG + DRUG INEFFECTIVE
LISINOPRIL,ABDOMINAL PAIN UPPER,5,4.31,1.72,10.79,LISINOPRIL + ABDOMINAL PAIN UPPER
ASPIRIN,PLATELET COUNT DECREASED,18,4.31,2.6,7.13,ASPIRIN + PLATELET COUNT DECREASED
METOPROLOL,GASTROINTESTINAL HAEMORRHAGE,3,4.31,1.33,13.93,METOPROLOL + GASTROINTESTINAL HAEMORRHAGE
ADCIRCA,OROPHARYNGEAL PAIN,5,4.3,1.69,10.95,ADCIRCA + OROPHARYNGEAL PAIN
KEPPRA,PAIN,4,4.3,1.52,12.17,KEPPRA + PAIN
FUROSEMIDE.,DIARRHOEA,4,4.3,1.5,12.3,FUROSEMIDE. + DIARRHOEA
ALLOPURINOL,MYALGIA,3,4.29,1.33,13.91,ALLOPURINOL + MYALGIA
ENBREL,GAIT DISTURBANCE,3,4.29,1.33,13.84,ENBREL + GAIT DISTURBANCE
TYVASO,UNEVALUABLE EVENT,8,4.29,2.06,8.94,TYVASO + UNEVALUABLE EVENT
PARACETAMOL,HYPOAESTHESIA,3,4.28,1.33,13.83,PARACETAMOL + HYPOAESTHESIA
TECFIDERA,PRURITUS,11,4.27,2.27,8.04,TECFIDERA + PRURITUS
TYLENOL,DIARRHOEA,6,4.27,1.81,10.09,TYLENOL + DIARRHOEA
ASPIRIN,ANAEMIA,24,4.26,2.74,6.61,ASPIRIN + ANAEMIA
RANITIDINE,NAUSEA,4,4.25,1.48,12.19,RANITIDINE + NAUSEA
LETAIRIS,PULMONARY ARTERIAL HYPERTENSION,7,4.25,1.54,11.73,LETAIRIS + PULMONARY ARTERIAL HYPERTENSION
TYSABRI,CONTUSION,4,4.24,1.53,11.77,TYSABRI + CONTUSION
BYSTOLIC,DYSPNOEA,3,4.24,1.21,14.94,BYSTOLIC + DYSPNOEA
LEVOTHYROXINE,DECREASED APPETITE,5,4.24,1.7,10.61,LEVOTHYROXINE + DECREASED APPETITE
CENTRUM SILVER,TYPE 2 DIABETES MELLITUS,3,4.24,1.22,14.81,CENTRUM SILVER + TYPE 2 DIABETES MELLITUS
OMEPRAZOLE.,NAUSEA,3,4.24,1.26,14.29,OMEPRAZOLE. + NAUSEA
AVASTIN,NAUSEA,3,4.24,1.26,14.29,AVASTIN + NAUSEA
ALBUTEROL,DIZZINESS,4,4.24,1.47,12.22,ALBUTEROL + DIZZINESS
PREVACID,DIARRHOEA,3,4.24,1.26,14.23,PREVACID + DIARRHOEA
KLONOPIN,DIARRHOEA,3,4.24,1.26,14.23,KLONOPIN + DIARRHOEA
SUTENT,DIARRHOEA,3,4.24,1.26,14.23,SUTENT + DIARRHOEA
XANAX,PLATELET COUNT DECREASED,4,4.24,1.52,11.81,XANAX + PLATELET COUNT DECREASED
CYMBALTA,OVERDOSE,3,4.23,1.3,13.74,CYMBALTA + OVERDOSE
SYNTHROID,LOCAL SWELLING,3,4.23,1.31,13.7,SYNTHROID + LOCAL SWELLING
FOLIC ACID,LOCAL SWELLING,3,4.23,1.31,13.7,FOLIC ACID + LOCAL SWELLING
AVONEX,PAIN IN EXTREMITY,7,4.23,1.94,9.23,AVONEX + PAIN IN EXTREMITY
DEPAKOTE,ANXIETY,6,4.22,1.82,9.77,DEPAKOTE + ANXIETY
BISOPROLOL,ANAEMIA,3,4.21,1.28,13.87,BISOPROLOL + ANAEMIA
FISH OIL,INSOMNIA,4,4.21,1.51,11.69,FISH OIL + INSOMNIA
VITAMIN D3,COUGH,3,4.21,1.28,13.79,VITAMIN D3 + COUGH
METFORMIN,GASTROINTESTINAL HAEMORRHAGE,3,4.2,1.3,13.57,METFORMIN + GASTROINTESTINAL HAEMORRHAGE
SINGULAIR,FALL,3,4.19,1.29,13.65,SINGULAIR + FALL
ATIVAN,HEADACHE,4,4.18,1.44,12.16,ATIVAN + HEADACHE
AMITRIPTYLINE,VOMITING,3,4.18,1.27,13.74,AMITRIPTYLINE + VOMITING
CALCIUM,PAIN IN EXTREMITY,4,4.18,1.5,11.61,CALCIUM + PAIN IN EXTREMITY
FOLIC ACID,DRUG INTERACTION,6,4.17,1.8,9.66,FOLIC ACID + DRUG INTERACTION
TECFIDERA,PAIN IN EXTREMITY,11,4.17,2.22,7.84,TECFIDERA + PAIN IN EXTREMITY
SYNTHROID,GASTROINTESTINAL HAEMORRHAGE,3,4.16,1.29,13.46,SYNTHROID + GASTROINTESTINAL HAEMORRHAGE
COUMADIN,PRURITUS,4,4.16,1.5,11.55,COUMADIN + PRURITUS
XANAX,HAEMOGLOBIN DECREASED,4,4.16,1.49,11.59,XANAX + HAEMOGLOBIN DECREASED
VITAMIN B12,DIARRHOEA,4,4.15,1.45,11.86,VITAMIN B12 + DIARRHOEA
FISH OIL,DEPRESSION,3,4.15,1.29,13.4,FISH OIL + DEPRESSION
ZOLOFT,OFF LABEL USE,3,4.15,1.28,13.46,ZOLOFT + OFF LABEL USE
HYDROCHLOROTHIAZIDE,OVERDOSE,3,4.15,1.28,13.46,HYDROCHLOROTHIAZIDE + OVERDOSE
LEXAPRO,HEADACHE,6,4.14,1.73,9.9,LEXAPRO + HEADACHE
LASIX,WEIGHT INCREASED,6,4.14,1.79,9.59,LASIX + WEIGHT INCREASED
BABY ASPIRIN,TYPE 2 DIABETES MELLITUS,5,4.14,1.57,10.89,BABY ASPIRIN + TYPE 2 DIABETES MELLITUS
TYLENOL,FATIGUE,8,4.14,1.93,8.86,TYLENOL + FATIGUE
NEXIUM,VOMITING,5,4.14,1.64,10.43,NEXIUM + VOMITING
CALCIUM,BACK PAIN,3,4.14,1.28,13.35,CALCIUM + BACK PAIN
VALIUM,DIZZINESS,3,4.13,1.22,13.95,VALIUM + DIZZINESS
JAKAFI,OROPHARYNGEAL PAIN,18,4.12,2.29,7.42,JAKAFI + OROPHARYNGEAL PAIN
VITAMIN D,ANAEMIA,9,4.12,2.05,8.26,VITAMIN D + ANAEMIA
SYNTHROID,CONSTIPATION,4,4.12,1.48,11.42,SYNTHROID + CONSTIPATION
JAKAFI,MUSCULOSKELETAL PAIN,12,4.11,2.0,8.43,JAKAFI + MUSCULOSKELETAL PAIN
TRAMADOL,DIARRHOEA,5,4.11,1.61,10.51,TRAMADOL + DIARRHOEA
REVATIO,INFLUENZA,6,4.11,1.76,9.56,REVATIO + INFLUENZA
SUTENT,FATIGUE,4,4.11,1.4,12.02,SUTENT + FATIGUE
PREDNISONE,BLOOD PRESSURE INCREASED,3,4.11,1.27,13.29,PREDNISONE + BLOOD PRESSURE INCREASED
JAKAFI,DRY SKIN,6,4.09,1.49,11.29,JAKAFI + DRY SKIN
LEVOTHYROXINE,HYPOAESTHESIA,4,4.09,1.48,11.35,LEVOTHYROXINE + HYPOAESTHESIA
CARBOPLATIN,DYSPNOEA,4,4.09,1.38,12.13,CARBOPLATIN + DYSPNOEA
DIANEAL LOW CALCIUM (ULTRABAG),PNEUMONIA,3,4.09,1.26,13.23,DIANEAL LOW CALCIUM (ULTRABAG) + PNEUMONIA
RISPERIDONE,DRUG INEFFECTIVE,4,4.08,1.38,12.05,RISPERIDONE + DRUG INEFFECTIVE
FUROSEMIDE,ARTHRALGIA,4,4.08,1.47,11.32,FUROSEMIDE + ARTHRALGIA
SIMVASTATIN.,ANAEMIA,3,4.08,1.24,13.41,SIMVASTATIN. + ANAEMIA
DEPAKOTE,SOMNOLENCE,5,4.07,1.63,10.18,DEPAKOTE + SOMNOLENCE
SYNTHROID,DECREASED APPETITE,5,4.06,1.62,10.15,SYNTHROID + DECREASED APPETITE
PRADAXA,ARTHRALGIA,3,4.06,1.25,13.11,PRADAXA + ARTHRALGIA
KLONOPIN,NAUSEA,3,4.05,1.21,13.6,KLONOPIN + NAUSEA
CYCLOPHOSPHAMIDE,PYREXIA,3,4.04,1.24,13.16,CYCLOPHOSPHAMIDE + PYREXIA
XELODA,PYREXIA,3,4.04,1.24,13.16,XELODA + PYREXIA
LETAIRIS,RESPIRATORY TRACT INFECTION,5,4.04,1.23,13.25,LETAIRIS + RESPIRATORY TRACT INFECTION
SIMVASTATIN,ABDOMINAL PAIN,6,4.04,1.74,9.35,SIMVASTATIN + ABDOMINAL PAIN
LYRICA,LOCAL SWELLING,4,4.03,1.45,11.24,LYRICA + LOCAL SWELLING
HYDROCHLOROTHIAZIDE,WEIGHT INCREASED,3,4.03,1.24,13.07,HYDROCHLOROTHIAZIDE + WEIGHT INCREASED
ASPIRIN,MYALGIA,6,4.03,1.72,9.47,ASPIRIN + MYALGIA
FOLIC ACID,BLOOD COUNT ABNORMAL,3,4.02,1.24,13.0,FOLIC ACID + BLOOD COUNT ABNORMAL
CLONAZEPAM,ASTHENIA,3,4.02,1.23,13.19,CLONAZEPAM + ASTHENIA
JAKAFI,DRUG DOSE OMISSION,37,4.02,2.67,6.05,JAKAFI + DRUG DOSE OMISSION
ASPIRIN,DRUG INTERACTION,13,4.02,2.23,7.22,ASPIRIN + DRUG INTERACTION
TYLENOL,VOMITING,4,4.01,1.43,11.25,TYLENOL + VOMITING
RAMIPRIL,DIARRHOEA,5,4.0,1.57,10.22,RAMIPRIL + DIARRHOEA
TYSABRI,FALL,7,4.0,1.83,8.74,TYSABRI + FALL
AMPYRA,HEADACHE,3,4.0,1.17,13.64,AMPYRA + HEADACHE
PROCRIT,FATIGUE,5,4.0,1.53,10.44,PROCRIT + FATIGUE
VITAMIN D,DRUG INTERACTION,5,4.0,1.6,9.99,VITAMIN D + DRUG INTERACTION
ALLOPURINOL,LOCAL SWELLING,3,4.0,1.24,12.92,ALLOPURINOL + LOCAL SWELLING
TECFIDERA,ABDOMINAL DISCOMFORT,5,3.99,1.59,10.06,TECFIDERA + ABDOMINAL DISCOMFORT
IBUPROFEN,DRUG INTERACTION,3,3.99,1.23,12.89,IBUPROFEN + DRUG INTERACTION
ASPIRIN,INSOMNIA,14,3.98,2.26,7.01,ASPIRIN + INSOMNIA
AVONEX,BACK PAIN,5,3.97,1.59,9.91,AVONEX + BACK PAIN
LOSARTAN,FALL,4,3.96,1.42,11.01,LOSARTAN + FALL
FUROSEMIDE,ABDOMINAL PAIN UPPER,3,3.95,1.23,12.75,FUROSEMIDE + ABDOMINAL PAIN UPPER
WARFARIN,CONSTIPATION,3,3.95,1.23,12.75,WARFARIN + CONSTIPATION
MULTIVITAMINS,ANAEMIA,3,3.95,1.2,12.98,MULTIVITAMINS + ANAEMIA
SIMVASTATIN,MUSCULAR WEAKNESS,3,3.95,1.23,12.75,SIMVASTATIN + MUSCULAR WEAKNESS
OMEPRAZOLE,ALOPECIA,4,3.95,1.42,10.98,OMEPRAZOLE + ALOPECIA
PREDNISONE,PYREXIA,8,3.95,1.9,8.21,PREDNISONE + PYREXIA
ZYRTEC,DIZZINESS,4,3.94,1.37,11.29,ZYRTEC + DIZZINESS
TECFIDERA,INFLUENZA,6,3.93,1.69,9.14,TECFIDERA + INFLUENZA
LISINOPRIL,HAEMOGLOBIN DECREASED,8,3.92,1.89,8.15,LISINOPRIL + HAEMOGLOBIN DECREASED
VITAMIN D,URINARY TRACT INFECTION,3,3.92,1.22,12.64,VITAMIN D + URINARY TRACT INFECTION
VITAMIN C,ASTHENIA,3,3.9,1.19,12.79,VITAMIN C + ASTHENIA
LISINOPRIL,DRUG INTERACTION,6,3.9,1.69,9.02,LISINOPRIL + DRUG INTERACTION
LISINOPRIL,GASTROINTESTINAL HAEMORRHAGE,3,3.9,1.21,12.59,LISINOPRIL + GASTROINTESTINAL HAEMORRHAGE
AMITRIPTYLINE,DIARRHOEA,4,3.89,1.37,11.08,AMITRIPTYLINE + DIARRHOEA
ENBREL,FALL,5,3.88,1.55,9.72,ENBREL + FALL
LOSARTAN,HAEMOGLOBIN DECREASED,4,3.88,1.4,10.8,LOSARTAN + HAEMOGLOBIN DECREASED
LASIX,URINARY TRACT INFECTION,3,3.88,1.2,12.51,LASIX + URINARY TRACT INFECTION
AMLODIPINE,CEREBROVASCULAR ACCIDENT,3,3.88,1.2,12.5,AMLODIPINE + CEREBROVASCULAR ACCIDENT
LETAIRIS,SNEEZING,4,3.88,1.04,14.45,LETAIRIS + SNEEZING
ADVAIR HFA,DRUG INEFFECTIVE,3,3.87,1.12,13.43,ADVAIR HFA + DRUG INEFFECTIVE
LEVOXYL,DRUG INEFFECTIVE,3,3.87,1.12,13.43,LEVOXYL + DRUG INEFFECTIVE
AMIODARONE,NAUSEA,3,3.87,1.16,12.96,AMIODARONE + NAUSEA
LETAIRIS,SYNCOPE,30,3.87,2.39,6.26,LETAIRIS + SYNCOPE
ALLOPURINOL,ABDOMINAL DISCOMFORT,3,3.86,1.2,12.48,ALLOPURINOL + ABDOMINAL DISCOMFORT
CRESTOR,DRUG INTERACTION,3,3.86,1.2,12.46,CRESTOR + DRUG INTERACTION
XELODA,DEATH,5,3.86,1.52,9.82,XELODA + DEATH
ARANESP,DEATH,5,3.86,1.52,9.82,ARANESP + DEATH
LISINOPRIL,CONSTIPATION,4,3.85,1.39,10.68,LISINOPRIL + CONSTIPATION
ATORVASTATIN,PAIN IN EXTREMITY,4,3.85,1.39,10.68,ATORVASTATIN + PAIN IN EXTREMITY
TYLENOL,MALAISE,5,3.85,1.52,9.78,TYLENOL + MALAISE
PREDNISONE.,HEADACHE,4,3.85,1.33,11.11,PREDNISONE. + HEADACHE
ATORVASTATIN,TYPE 2 DIABETES MELLITUS,13,3.84,2.11,7.01,ATORVASTATIN + TYPE 2 DIABETES MELLITUS
HUMIRA,PYREXIA,7,3.84,1.76,8.38,HUMIRA + PYREXIA
REVATIO,SYNCOPE,5,3.84,1.53,9.65,REVATIO + SYNCOPE
KEPPRA,MALAISE,4,3.84,1.36,10.87,KEPPRA + MALAISE
MULTIVITAMIN,ANAEMIA,5,3.84,1.52,9.67,MULTIVITAMIN + ANAEMIA
MULTIVITAMIN,PRURITUS,3,3.84,1.19,12.4,MULTIVITAMIN + PRURITUS
TYVASO,CHEST PAIN,8,3.83,1.84,7.97,TYVASO + CHEST PAIN
SYNTHROID,SINUSITIS,3,3.83,1.19,12.37,SYNTHROID + SINUSITIS
TYLENOL,PLATELET COUNT DECREASED,3,3.83,1.18,12.44,TYLENOL + PLATELET COUNT DECREASED
LISINOPRIL,CONFUSIONAL STATE,3,3.83,1.19,12.38,LISINOPRIL + CONFUSIONAL STATE
LISINOPRIL,ABDOMINAL DISCOMFORT,3,3.83,1.19,12.38,LISINOPRIL + ABDOMINAL DISCOMFORT
FUROSEMIDE,MUSCLE SPASMS,3,3.83,1.19,12.34,FUROSEMIDE + MUSCLE SPASMS
LEVOTHYROXINE,ALOPECIA,3,3.82,1.18,12.33,LEVOTHYROXINE + ALOPECIA
XARELTO,HAEMOGLOBIN DECREASED,5,3.81,1.52,9.54,XARELTO + HAEMOGLOBIN DECREASED
FISH OIL,DIARRHOEA,8,3.81,1.81,8.01,FISH OIL + DIARRHOEA
REVATIO,DYSPNOEA,34,3.8,2.6,5.55,REVATIO + DYSPNOEA
REVATIO,UNEVALUABLE EVENT,8,3.8,1.83,7.91,REVATIO + UNEVALUABLE EVENT
COREG,DIZZINESS,4,3.8,1.33,10.87,COREG + DIZZINESS
VENTOLIN,FATIGUE,3,3.8,1.11,13.01,VENTOLIN + FATIGUE
LISINOPRIL.,FATIGUE,3,3.8,1.11,13.01,LISINOPRIL. + FATIGUE
NAPROXEN,FATIGUE,3,3.8,1.11,13.01,NAPROXEN + FATIGUE
EPOPROSTENOL.,HEADACHE,3,3.79,1.12,12.86,EPOPROSTENOL. + HEADACHE
PERCOCET,HEADACHE,3,3.79,1.12,12.86,PERCOCET + HEADACHE
PARACETAMOL,HYPOTENSION,3,3.79,1.18,12.2,PARACETAMOL + HYPOTENSION
JAKAFI,ABDOMINAL DISTENSION,22,3.79,2.24,6.39,JAKAFI + ABDOMINAL DISTENSION
REMICADE,OFF LABEL USE,3,3.78,1.17,12.21,REMICADE + OFF LABEL USE
LYRICA,PAIN,15,3.77,2.19,6.5,LYRICA + PAIN
TYLENOL,HAEMOGLOBIN DECREASED,3,3.76,1.16,12.21,TYLENOL + HAEMOGLOBIN DECREASED
ENBREL,PAIN IN EXTREMITY,4,3.75,1.35,10.4,ENBREL + PAIN IN EXTREMITY
SYMBICORT,FATIGUE,4,3.75,1.29,10.89,SYMBICORT + FATIGUE
PREVACID,DIZZINESS,3,3.75,1.12,12.59,PREVACID + DIZZINESS
TYSABRI,NASOPHARYNGITIS,6,3.73,1.61,8.63,TYSABRI + NASOPHARYNGITIS
TECFIDERA,FLATULENCE,3,3.73,1.14,12.19,TECFIDERA + FLATULENCE
LEVOTHYROXINE,WEIGHT INCREASED,6,3.73,1.61,8.62,LEVOTHYROXINE + WEIGHT INCREASED
LASIX,OEDEMA,4,3.73,1.35,10.31,LASIX + OEDEMA
METHOTREXATE,PAIN IN EXTREMITY,5,3.73,1.49,9.3,METHOTREXATE + PAIN IN EXTREMITY
VITAMIN D3,ANAEMIA,3,3.73,1.14,12.21,VITAMIN D3 + ANAEMIA
NEURONTIN,ANAEMIA,3,3.73,1.14,12.21,NEURONTIN + ANAEMIA
ASA,FATIGUE,5,3.72,1.43,9.67,ASA + FATIGUE
ENBREL,BACK PAIN,3,3.72,1.15,11.98,ENBREL + BACK PAIN
ARANESP,DIARRHOEA,5,3.72,1.46,9.46,ARANESP + DIARRHOEA
REVATIO,CHEST DISCOMFORT,4,3.71,1.33,10.36,REVATIO + CHEST DISCOMFORT
ALLOPURINOL,HYPOAESTHESIA,4,3.7,1.34,10.24,ALLOPURINOL + HYPOAESTHESIA
ADCIRCA,FLUID RETENTION,9,3.7,1.84,7.41,ADCIRCA + FLUID RETENTION
HUMIRA,CHEST PAIN,5,3.69,1.48,9.22,HUMIRA + CHEST PAIN
ZOFRAN,MALAISE,3,3.69,1.12,12.22,ZOFRAN + MALAISE
PROLIA,ASTHENIA,3,3.69,1.13,12.07,PROLIA + ASTHENIA
METFORMIN,LOSS OF CONSCIOUSNESS,3,3.69,1.14,11.9,METFORMIN + LOSS OF CONSCIOUSNESS
ADCIRCA,CHEST PAIN,11,3.69,1.96,6.94,ADCIRCA + CHEST PAIN
ZOLOFT,VOMITING,4,3.69,1.32,10.31,ZOLOFT + VOMITING
HYDROCHLOROTHIAZIDE,VOMITING,4,3.69,1.32,10.31,HYDROCHLOROTHIAZIDE + VOMITING
FOLIC ACID,FALL,7,3.69,1.69,8.04,FOLIC ACID + FALL
FOLIC ACID,PLATELET COUNT DECREASED,7,3.69,1.69,8.04,FOLIC ACID + PLATELET COUNT DECREASED
REMODULIN,OEDEMA PERIPHERAL,4,3.69,1.33,10.2,REMODULIN + OEDEMA PERIPHERAL
IBUPROFEN,PAIN IN EXTREMITY,3,3.69,1.14,11.9,IBUPROFEN + PAIN IN EXTREMITY
PRADAXA,PAIN IN EXTREMITY,3,3.69,1.14,11.9,PRADAXA + PAIN IN EXTREMITY
TRAMADOL,COUGH,3,3.68,1.13,11.99,TRAMADOL + COUGH
ADCIRCA,WHEEZING,3,3.68,1.11,12.12,ADCIRCA + WHEEZING
PRILOSEC,PLATELET COUNT DECREASED,3,3.68,1.13,11.91,PRILOSEC + PLATELET COUNT DECREASED
ADVIL,DIZZINESS,4,3.67,1.29,10.49,ADVIL + DIZZINESS
CELEBREX,WEIGHT INCREASED,3,3.67,1.14,11.86,CELEBREX + WEIGHT INCREASED
PREDNISONE,CONTUSION,4,3.67,1.33,10.16,PREDNISONE + CONTUSION
VITAMIN D3,DIARRHOEA,4,3.66,1.29,10.39,VITAMIN D3 + DIARRHOEA
FOLIC ACID,ALOPECIA,3,3.66,1.14,11.8,FOLIC ACID + ALOPECIA
ALLOPURINOL,GAIT DISTURBANCE,4,3.65,1.32,10.12,ALLOPURINOL + GAIT DISTURBANCE
DEPAKOTE,GAIT DISTURBANCE,4,3.65,1.32,10.12,DEPAKOTE + GAIT DISTURBANCE
NEURONTIN,DRUG INEFFECTIVE,6,3.65,1.52,8.77,NEURONTIN + DRUG INEFFECTIVE
JAKAFI,POLLAKIURIA,8,3.64,1.54,8.61,JAKAFI + POLLAKIURIA
FOLIC ACID,PYREXIA,7,3.64,1.67,7.93,FOLIC ACID + PYREXIA
AVONEX,CONTUSION,4,3.64,1.32,10.07,AVONEX + CONTUSION
FISH OIL,OEDEMA PERIPHERAL,3,3.64,1.13,11.72,FISH OIL + OEDEMA PERIPHERAL
HUMIRA,CEREBROVASCULAR ACCIDENT,3,3.64,1.13,11.72,HUMIRA + CEREBROVASCULAR ACCIDENT
TRAMADOL,DIZZINESS,5,3.63,1.42,9.29,TRAMADOL + DIZZINESS
TYSABRI,BACK PAIN,4,3.63,1.31,10.04,TYSABRI + BACK PAIN
TECFIDERA,DYSGEUSIA,3,3.63,1.11,11.85,TECFIDERA + DYSGEUSIA
VICODIN,ANAEMIA,3,3.62,1.11,11.85,VICODIN + ANAEMIA
LYRICA,BACK PAIN,6,3.62,1.56,8.37,LYRICA + BACK PAIN
HYDREA,FATIGUE,8,3.62,1.7,7.69,HYDREA + FATIGUE
ASPIRIN,ABDOMINAL PAIN UPPER,9,3.61,1.8,7.25,ASPIRIN + ABDOMINAL PAIN UPPER
PRILOSEC,DIZZINESS,6,3.61,1.53,8.51,PRILOSEC + DIZZINESS
METHOTREXATE,PARAESTHESIA,3,3.61,1.12,11.62,METHOTREXATE + PARAESTHESIA
GLIPIZIDE,HEADACHE,3,3.6,1.07,12.17,GLIPIZIDE + HEADACHE
VALIUM,HEADACHE,3,3.6,1.07,12.17,VALIUM + HEADACHE
LISINOPRIL,EPISTAXIS,3,3.59,1.11,11.58,LISINOPRIL + EPISTAXIS
TYSABRI,FATIGUE,16,3.59,2.1,6.14,TYSABRI + FATIGUE
RAMIPRIL,COUGH,3,3.59,1.1,11.68,RAMIPRIL + COUGH
CISPLATIN,DIARRHOEA,3,3.58,1.08,11.9,CISPLATIN + DIARRHOEA
TYSABRI,TREMOR,3,3.58,1.11,11.54,TYSABRI + TREMOR
TYSABRI,HYPERSENSITIVITY,3,3.58,1.11,11.54,TYSABRI + HYPERSENSITIVITY
VITAMIN D,PARAESTHESIA,3,3.57,1.11,11.5,VITAMIN D + PARAESTHESIA
OMEPRAZOLE,INFLUENZA,4,3.57,1.29,9.89,OMEPRAZOLE + INFLUENZA
BACLOFEN,NAUSEA,3,3.56,1.07,11.86,BACLOFEN + NAUSEA
AMBIEN,ANAEMIA,4,3.56,1.27,9.95,AMBIEN + ANAEMIA
OMEPRAZOLE,INSOMNIA,7,3.56,1.64,7.75,OMEPRAZOLE + INSOMNIA
AMBIEN,PYREXIA,3,3.56,1.1,11.52,AMBIEN + PYREXIA
XELODA,NAUSEA,5,3.55,1.4,9.03,XELODA + NAUSEA
PRILOSEC,DRUG INEFFECTIVE,8,3.55,1.66,7.58,PRILOSEC + DRUG INEFFECTIVE
OXYTROL FOR WOMEN,RASH,6,3.54,1.53,8.19,OXYTROL FOR WOMEN + RASH
NEXIUM,WEIGHT INCREASED,3,3.54,1.1,11.44,NEXIUM + WEIGHT INCREASED
OMEPRAZOLE,NAUSEA,16,3.54,2.09,6.02,OMEPRAZOLE + NAUSEA
SERTRALINE,HEADACHE,5,3.54,1.38,9.11,SERTRALINE + HEADACHE
LOSARTAN,INSOMNIA,3,3.54,1.1,11.42,LOSARTAN + INSOMNIA
FUROSEMIDE,ASTHENIA,6,3.54,1.53,8.21,FUROSEMIDE + ASTHENIA
METOPROLOL,DRUG INTERACTION,5,3.54,1.42,8.82,METOPROLOL + DRUG INTERACTION
OMEPRAZOLE,INFECTION,3,3.54,1.09,11.43,OMEPRAZOLE + INFECTION
ASPIRIN,WEIGHT DECREASED,12,3.54,1.93,6.48,ASPIRIN + WEIGHT DECREASED
ZOLOFT,PLATELET COUNT DECREASED,3,3.53,1.09,11.43,ZOLOFT + PLATELET COUNT DECREASED
HYDROCHLOROTHIAZIDE,PLATELET COUNT DECREASED,3,3.53,1.09,11.43,HYDROCHLOROTHIAZIDE + PLATELET COUNT DECREASED
WARFARIN,DRUG INTERACTION,4,3.52,1.27,9.75,WARFARIN + DRUG INTERACTION
TYVASO,HYPOTENSION,6,3.52,1.52,8.15,TYVASO + HYPOTENSION
DEXAMETHASONE,NAUSEA,6,3.52,1.5,8.25,DEXAMETHASONE + NAUSEA
ATORVASTATIN,ANAEMIA,6,3.51,1.51,8.15,ATORVASTATIN + ANAEMIA
AMITRIPTYLINE,PAIN,3,3.5,1.07,11.5,AMITRIPTYLINE + PAIN
HUMIRA,INFLUENZA,3,3.49,1.08,11.23,HUMIRA + INFLUENZA
HYDROCHLOROTHIAZIDE,ANAEMIA,4,3.49,1.25,9.74,HYDROCHLOROTHIAZIDE + ANAEMIA
ZOLOFT,PYREXIA,3,3.49,1.08,11.29,ZOLOFT + PYREXIA
JAKAFI,FATIGUE,143,3.49,2.83,4.29,JAKAFI + FATIGUE
MULTIVITAMIN,WEIGHT INCREASED,3,3.48,1.08,11.24,MULTIVITAMIN + WEIGHT INCREASED
METFORMIN,MUSCULAR WEAKNESS,3,3.48,1.08,11.21,METFORMIN + MUSCULAR WEAKNESS
DEXAMETHASONE,RASH,3,3.46,1.07,11.19,DEXAMETHASONE + RASH
KEPPRA,DIARRHOEA,4,3.46,1.22,9.78,KEPPRA + DIARRHOEA
ALBUTEROL,DIARRHOEA,3,3.45,1.04,11.44,ALBUTEROL + DIARRHOEA
BABY ASPIRIN,FATIGUE,4,3.45,1.2,9.95,BABY ASPIRIN + FATIGUE
FLOMAX,FATIGUE,4,3.45,1.2,9.95,FLOMAX + FATIGUE
PREDNISONE.,FATIGUE,4,3.45,1.2,9.95,PREDNISONE. + FATIGUE
METFORMIN,DRUG INTERACTION,5,3.45,1.38,8.59,METFORMIN + DRUG INTERACTION
KEPPRA,HEADACHE,5,3.44,1.34,8.83,KEPPRA + HEADACHE
TYVASO,EPISTAXIS,4,3.44,1.24,9.55,TYVASO + EPISTAXIS
AMLODIPINE,HYPERTENSION,3,3.44,1.07,11.06,AMLODIPINE + HYPERTENSION
MAGNESIUM,HEADACHE,3,3.43,1.02,11.54,MAGNESIUM + HEADACHE
LISINOPRIL,ALOPECIA,3,3.43,1.06,11.04,LISINOPRIL + ALOPECIA
FLOMAX,NAUSEA,3,3.42,1.03,11.37,FLOMAX + NAUSEA
CISPLATIN,NAUSEA,3,3.42,1.03,11.37,CISPLATIN + NAUSEA
AVONEX,FALL,7,3.42,1.57,7.44,AVONEX + FALL
CRESTOR,OFF LABEL USE,3,3.41,1.06,10.99,CRESTOR + OFF LABEL USE
METHOTREXATE,ABDOMINAL PAIN,5,3.41,1.37,8.5,METHOTREXATE + ABDOMINAL PAIN
JAKAFI,FEELING COLD,5,3.41,1.16,9.99,JAKAFI + FEELING COLD
DEPAKOTE,CONVULSION,3,3.41,1.06,10.97,DEPAKOTE + CONVULSION
FISH OIL,FATIGUE,10,3.4,1.73,6.67,FISH OIL + FATIGUE
ATENOLOL,PNEUMONIA,3,3.4,1.06,10.95,ATENOLOL + PNEUMONIA
AVONEX,ANXIETY,5,3.4,1.36,8.47,AVONEX + ANXIETY
CALCIUM,FALL,4,3.4,1.23,9.41,CALCIUM + FALL
METHOTREXATE,HYPOAESTHESIA,3,3.39,1.06,10.91,METHOTREXATE + HYPOAESTHESIA
METHOTREXATE,CONTUSION,3,3.39,1.06,10.91,METHOTREXATE + CONTUSION
CALCIUM,ARTHRALGIA,3,3.38,1.05,10.86,CALCIUM + ARTHRALGIA
HUMIRA,PNEUMONIA,5,3.38,1.36,8.41,HUMIRA + PNEUMONIA
FUROSEMIDE,ANAEMIA,6,3.37,1.46,7.82,FUROSEMIDE + ANAEMIA
PRILOSEC,FATIGUE,7,3.37,1.51,7.51,PRILOSEC + FATIGUE
REMODULIN,ABDOMINAL PAIN UPPER,3,3.37,1.05,10.82,REMODULIN + ABDOMINAL PAIN UPPER
LEVOTHYROXINE,ASTHENIA,8,3.37,1.62,6.99,LEVOTHYROXINE + ASTHENIA
TECFIDERA,BALANCE DISORDER,3,3.36,1.03,10.95,TECFIDERA + BALANCE DISORDER
LETAIRIS,UPPER RESPIRATORY TRACT INFECTION,9,3.36,1.43,7.88,LETAIRIS + UPPER RESPIRATORY TRACT INFECTION
LASIX,OEDEMA PERIPHERAL,4,3.36,1.22,9.28,LASIX + OEDEMA PERIPHERAL
TYLENOL,PAIN,4,3.36,1.2,9.41,TYLENOL + PAIN
TECFIDERA,GAIT DISTURBANCE,6,3.36,1.45,7.77,TECFIDERA + GAIT DISTURBANCE
VITAMIN B12,DRUG INEFFECTIVE,5,3.35,1.29,8.69,VITAMIN B12 + DRUG INEFFECTIVE
REVATIO,FLUSHING,6,3.35,1.45,7.75,REVATIO + FLUSHING
AMIODARONE,DYSPNOEA,4,3.35,1.15,9.75,AMIODARONE + DYSPNOEA
LORAZEPAM,ANAEMIA,3,3.34,1.03,10.9,LORAZEPAM + ANAEMIA
HYDROXYUREA,DIZZINESS,4,3.34,1.18,9.48,HYDROXYUREA + DIZZINESS
LISINOPRIL,WEIGHT INCREASED,6,3.34,1.45,7.7,LISINOPRIL + WEIGHT INCREASED
PROCRIT,DEATH,3,3.33,1.01,11.0,PROCRIT + DEATH
DEXAMETHASONE,PLATELET COUNT DECREASED,3,3.33,1.03,10.77,DEXAMETHASONE + PLATELET COUNT DECREASED
ZOFRAN,DIARRHOEA,3,3.33,1.01,11.0,ZOFRAN + DIARRHOEA
OMEPRAZOLE,WEIGHT INCREASED,7,3.33,1.53,7.23,OMEPRAZOLE + WEIGHT INCREASED
ASPIRIN,WHITE BLOOD CELL COUNT INCREASED,4,3.32,1.18,9.34,ASPIRIN + WHITE BLOOD CELL COUNT INCREASED
OMEPRAZOLE,PYREXIA,8,3.32,1.6,6.87,OMEPRAZOLE + PYREXIA
ASPIRIN.,HEADACHE,4,3.32,1.16,9.48,ASPIRIN. + HEADACHE
CRESTOR,WEIGHT INCREASED,3,3.31,1.03,10.68,CRESTOR + WEIGHT INCREASED
COUMADIN,CHEST PAIN,3,3.31,1.03,10.65,COUMADIN + CHEST PAIN
PANTOPRAZOLE,NAUSEA,5,3.31,1.31,8.4,PANTOPRAZOLE + NAUSEA
TYLENOL,NAUSEA,5,3.31,1.31,8.4,TYLENOL + NAUSEA
SYNTHROID,WEIGHT DECREASED,5,3.31,1.33,8.23,SYNTHROID + WEIGHT DECREASED
KEPPRA,NAUSEA,4,3.3,1.17,9.34,KEPPRA + NAUSEA
TOPROL XL,TYPE 2 DIABETES MELLITUS,4,3.3,1.14,9.56,TOPROL XL + TYPE 2 DIABETES MELLITUS
WARFARIN,HAEMOGLOBIN DECREASED,5,3.3,1.32,8.23,WARFARIN + HAEMOGLOBIN DECREASED
WARFARIN,FLUID RETENTION,3,3.3,1.03,10.59,WARFARIN + FLUID RETENTION
OMEPRAZOLE,PARAESTHESIA,4,3.3,1.19,9.12,OMEPRAZOLE + PARAESTHESIA
AMBIEN,FATIGUE,7,3.3,1.48,7.34,AMBIEN + FATIGUE
CETIRIZINE,DYSPNOEA,5,3.29,1.27,8.56,CETIRIZINE + DYSPNOEA
COUMADIN,ARTHRALGIA,3,3.28,1.02,10.56,COUMADIN + ARTHRALGIA
PLAVIX,PRURITUS,3,3.28,1.02,10.55,PLAVIX + PRURITUS
LISINOPRIL,MUSCLE SPASMS,4,3.28,1.19,9.05,LISINOPRIL + MUSCLE SPASMS
CITALOPRAM,ABDOMINAL PAIN,3,3.27,1.01,10.53,CITALOPRAM + ABDOMINAL PAIN
OMEPRAZOLE,VOMITING,10,3.27,1.7,6.29,OMEPRAZOLE + VOMITING
AMLODIPINE,OEDEMA PERIPHERAL,4,3.26,1.18,9.01,AMLODIPINE + OEDEMA PERIPHERAL
PLAVIX,ANAEMIA,5,3.26,1.3,8.17,PLAVIX + ANAEMIA
JANUVIA,ANAEMIA,3,3.26,1.0,10.61,JANUVIA + ANAEMIA
TECFIDERA,URINARY TRACT INFECTION,5,3.26,1.3,8.15,TECFIDERA + URINARY TRACT INFECTION
LASIX,DIARRHOEA,10,3.25,1.68,6.3,LASIX + DIARRHOEA
LEVOTHYROXINE,DIARRHOEA,11,3.25,1.73,6.11,LEVOTHYROXINE + DIARRHOEA
VITAMIN C,DIZZINESS,4,3.24,1.14,9.18,VITAMIN C + DIZZINESS
LETAIRIS,PRESYNCOPE,8,3.24,1.32,7.93,LETAIRIS + PRESYNCOPE
REVATIO,DIZZINESS,21,3.24,2.03,5.15,REVATIO + DIZZINESS
NORVASC,PYREXIA,3,3.23,1.0,10.44,NORVASC + PYREXIA
METOPROLOL,PLATELET COUNT DECREASED,6,3.23,1.4,7.44,METOPROLOL + PLATELET COUNT DECREASED
CALCIUM,DIARRHOEA,7,3.23,1.47,7.08,CALCIUM + DIARRHOEA
PRILOSEC,PAIN,4,3.22,1.15,9.0,PRILOSEC + PAIN
MULTIVITAMIN,FATIGUE,8,3.21,1.52,6.79,MULTIVITAMIN + FATIGUE
LEVOTHYROXINE,ANAEMIA,8,3.21,1.55,6.66,LEVOTHYROXINE + ANAEMIA
ASPIRIN,LOSS OF CONSCIOUSNESS,6,3.21,1.38,7.47,ASPIRIN + LOSS OF CONSCIOUSNESS
ALLOPURINOL,DRUG DOSE OMISSION,4,3.2,1.16,8.83,ALLOPURINOL + DRUG DOSE OMISSION
LISINOPRIL,DIARRHOEA,12,3.19,1.75,5.85,LISINOPRIL + DIARRHOEA
ZOLOFT,DIARRHOEA,5,3.18,1.26,8.04,ZOLOFT + DIARRHOEA
METOPROLOL,ANAEMIA,8,3.18,1.53,6.6,METOPROLOL + ANAEMIA
VITAMIN B12,DYSPNOEA,5,3.18,1.22,8.24,VITAMIN B12 + DYSPNOEA
METHOTREXATE,DRUG INTERACTION,4,3.17,1.15,8.75,METHOTREXATE + DRUG INTERACTION
PRILOSEC,NAUSEA,5,3.17,1.25,8.02,PRILOSEC + NAUSEA
ENBREL,COUGH,5,3.16,1.27,7.9,ENBREL + COUGH
LASIX,ARTHRALGIA,4,3.16,1.15,8.73,LASIX + ARTHRALGIA
ASPIRIN,HYPERHIDROSIS,5,3.16,1.25,7.96,ASPIRIN + HYPERHIDROSIS
JAKAFI,DIARRHOEA,96,3.16,2.46,4.04,JAKAFI + DIARRHOEA
CYMBALTA,PAIN,4,3.15,1.13,8.81,CYMBALTA + PAIN
REMODULIN,PAIN IN EXTREMITY,4,3.15,1.14,8.69,REMODULIN + PAIN IN EXTREMITY
AVONEX,DRUG DOSE OMISSION,4,3.15,1.14,8.69,AVONEX + DRUG DOSE OMISSION
VICODIN,DIZZINESS,4,3.15,1.11,8.91,VICODIN + DIZZINESS
LYRICA,SWELLING,4,3.14,1.14,8.7,LYRICA + SWELLING
PREDNISONE,BACK PAIN,4,3.14,1.14,8.67,PREDNISONE + BACK PAIN
MIRENA,DRUG INEFFECTIVE,9,3.14,1.54,6.38,MIRENA + DRUG INEFFECTIVE
JAKAFI,CHILLS,16,3.14,1.73,5.68,JAKAFI + CHILLS
SPIRONOLACTONE,NAUSEA,4,3.13,1.11,8.82,SPIRONOLACTONE + NAUSEA
TECFIDERA,ABDOMINAL PAIN UPPER,6,3.13,1.35,7.23,TECFIDERA + ABDOMINAL PAIN UPPER
CALCIUM,ANAEMIA,5,3.12,1.25,7.81,CALCIUM + ANAEMIA
LETAIRIS,EAR INFECTION,9,3.12,1.35,7.22,LETAIRIS + EAR INFECTION
TECFIDERA,DIARRHOEA,19,3.12,1.92,5.06,TECFIDERA + DIARRHOEA
ADCIRCA,PERIPHERAL SWELLING,8,3.1,1.49,6.45,ADCIRCA + PERIPHERAL SWELLING
WARFARIN,ASTHENIA,6,3.1,1.34,7.16,WARFARIN + ASTHENIA
METFORMIN,ANAEMIA,8,3.1,1.49,6.42,METFORMIN + ANAEMIA
JAKAFI,CONSTIPATION,26,3.09,1.94,4.93,JAKAFI + CONSTIPATION
TRACLEER,PAIN,4,3.09,1.11,8.62,TRACLEER + PAIN
POTASSIUM,HEADACHE,5,3.09,1.21,7.87,POTASSIUM + HEADACHE
VENTAVIS,HEADACHE,5,3.09,1.21,7.87,VENTAVIS + HEADACHE
KEPPRA,FATIGUE,5,3.08,1.2,7.91,KEPPRA + FATIGUE
SIMVASTATIN,DRUG INTERACTION,4,3.08,1.12,8.49,SIMVASTATIN + DRUG INTERACTION
LASIX,RASH,5,3.08,1.24,7.66,LASIX + RASH
ZYRTEC,FATIGUE,4,3.08,1.08,8.82,ZYRTEC + FATIGUE
ADCIRCA,HEADACHE,29,3.06,2.05,4.56,ADCIRCA + HEADACHE
FOLIC ACID,HAEMOGLOBIN DECREASED,6,3.06,1.33,7.04,FOLIC ACID + HAEMOGLOBIN DECREASED
ASPIRIN,DEHYDRATION,5,3.05,1.21,7.66,ASPIRIN + DEHYDRATION
CITALOPRAM,NAUSEA,6,3.04,1.3,7.08,CITALOPRAM + NAUSEA
PROTONIX,DIARRHOEA,4,3.04,1.08,8.53,PROTONIX + DIARRHOEA
SPIRIVA,DYSPNOEA,14,3.03,1.71,5.38,SPIRIVA + DYSPNOEA
REVLIMID,ANAEMIA,5,3.03,1.21,7.59,REVLIMID + ANAEMIA
TECFIDERA,MUSCLE SPASMS,6,3.02,1.31,6.99,TECFIDERA + MUSCLE SPASMS
SYNTHROID,DIZZINESS,12,3.02,1.65,5.54,SYNTHROID + DIZZINESS
METHOTREXATE,FALL,5,3.02,1.21,7.52,METHOTREXATE + FALL
ASPIRIN,FATIGUE,34,3.02,2.08,4.38,ASPIRIN + FATIGUE
LYRICA,SOMNOLENCE,5,3.0,1.2,7.46,LYRICA + SOMNOLENCE
LEXAPRO,FATIGUE,5,3.0,1.17,7.68,LEXAPRO + FATIGUE
REMODULIN,PAIN,7,2.99,1.37,6.53,REMODULIN + PAIN
VITAMIN D,PLATELET COUNT DECREASED,5,2.99,1.2,7.45,VITAMIN D + PLATELET COUNT DECREASED
ASPIRIN,ABDOMINAL DISTENSION,5,2.99,1.19,7.52,ASPIRIN + ABDOMINAL DISTENSION
SIMVASTATIN,FATIGUE,13,2.99,1.66,5.38,SIMVASTATIN + FATIGUE
LETAIRIS,OXYGEN SATURATION DECREASED,8,2.99,1.24,7.22,LETAIRIS + OXYGEN SATURATION DECREASED
LETAIRIS,BLOOD PRESSURE DECREASED,8,2.99,1.24,7.22,LETAIRIS + BLOOD PRESSURE DECREASED
PREDNISONE,DECREASED APPETITE,4,2.99,1.08,8.23,PREDNISONE + DECREASED APPETITE
JAKAFI,RASH PRURITIC,7,2.99,1.23,7.27,JAKAFI + RASH PRURITIC
IBUPROFEN,MALAISE,5,2.98,1.19,7.5,IBUPROFEN + MALAISE
COREG,FATIGUE,4,2.97,1.04,8.49,COREG + FATIGUE
TYVASO,INFLUENZA,4,2.97,1.07,8.2,TYVASO + INFLUENZA
LASIX,FALL,5,2.96,1.19,7.37,LASIX + FALL
LASIX,PLATELET COUNT DECREASED,5,2.96,1.19,7.37,LASIX + PLATELET COUNT DECREASED
CALCIUM,FATIGUE,9,2.96,1.47,5.98,CALCIUM + FATIGUE
VITAMIN D,PYREXIA,5,2.96,1.19,7.35,VITAMIN D + PYREXIA
PRADAXA,ANAEMIA,4,2.95,1.06,8.2,PRADAXA + ANAEMIA
JAKAFI,ARTHRALGIA,37,2.95,2.0,4.35,JAKAFI + ARTHRALGIA
FISH OIL,HEADACHE,8,2.93,1.4,6.15,FISH OIL + HEADACHE
HUMIRA,ASTHENIA,7,2.93,1.35,6.37,HUMIRA + ASTHENIA
ASPIRIN,URINARY TRACT INFECTION,6,2.93,1.26,6.8,ASPIRIN + URINARY TRACT INFECTION
LISINOPRIL,INSOMNIA,5,2.93,1.18,7.27,LISINOPRIL + INSOMNIA
SYNTHROID,WEIGHT INCREASED,5,2.93,1.18,7.27,SYNTHROID + WEIGHT INCREASED
PARACETAMOL,VOMITING,5,2.93,1.17,7.3,PARACETAMOL + VOMITING
OMEPRAZOLE,DIARRHOEA,13,2.92,1.64,5.22,OMEPRAZOLE + DIARRHOEA
ASPIRIN,BACK PAIN,8,2.92,1.41,6.08,ASPIRIN + BACK PAIN
SPIRONOLACTONE,FATIGUE,5,2.92,1.14,7.46,SPIRONOLACTONE + FATIGUE
PREDNISONE,PLATELET COUNT DECREASED,6,2.91,1.27,6.71,PREDNISONE + PLATELET COUNT DECREASED
LETAIRIS,HAEMOPTYSIS,6,2.91,1.06,8.02,LETAIRIS + HAEMOPTYSIS
WARFARIN,DIZZINESS,9,2.91,1.45,5.83,WARFARIN + DIZZINESS
ZOLOFT,DRUG INEFFECTIVE,7,2.9,1.3,6.45,ZOLOFT + DRUG INEFFECTIVE
ASPIRIN,CHILLS,4,2.9,1.04,8.09,ASPIRIN + CHILLS
ASPIRIN,BLOOD COUNT ABNORMAL,5,2.89,1.15,7.26,ASPIRIN + BLOOD COUNT ABNORMAL
SYNTHROID,ABDOMINAL PAIN,5,2.88,1.16,7.17,SYNTHROID + ABDOMINAL PAIN
HUMIRA,ARTHRALGIA,4,2.88,1.05,7.93,HUMIRA + ARTHRALGIA
AMLODIPINE,PLATELET COUNT DECREASED,5,2.88,1.16,7.15,AMLODIPINE + PLATELET COUNT DECREASED
TYVASO,DIZZINESS,17,2.87,1.72,4.79,TYVASO + DIZZINESS
DIANEAL LOW CALCIUM,SWELLING,4,2.87,1.04,7.93,DIANEAL LOW CALCIUM + SWELLING
TECFIDERA,DEPRESSION,6,2.87,1.24,6.61,TECFIDERA + DEPRESSION
TYVASO,FLUID RETENTION,5,2.86,1.15,7.11,TYVASO + FLUID RETENTION
ALLOPURINOL,FATIGUE,15,2.86,1.65,4.93,ALLOPURINOL + FATIGUE
WARFARIN,FATIGUE,11,2.85,1.51,5.38,WARFARIN + FATIGUE
FUROSEMIDE,DIARRHOEA,7,2.85,1.3,6.22,FUROSEMIDE + DIARRHOEA
ALLOPURINOL,DIZZINESS,12,2.84,1.55,5.2,ALLOPURINOL + DIZZINESS
DEPAKOTE,OFF LABEL USE,5,2.84,1.14,7.06,DEPAKOTE + OFF LABEL USE
LETAIRIS,CHEST PAIN,45,2.84,1.96,4.11,LETAIRIS + CHEST PAIN
LEVOTHYROXINE,PAIN,8,2.84,1.37,5.88,LEVOTHYROXINE + PAIN
METFORMIN,VOMITING,7,2.83,1.3,6.14,METFORMIN + VOMITING
METOPROLOL,ARTHRALGIA,4,2.83,1.03,7.79,METOPROLOL + ARTHRALGIA
DIANEAL LOW CALCIUM,MUSCLE SPASMS,5,2.82,1.14,7.03,DIANEAL LOW CALCIUM + MUSCLE SPASMS
SIMVASTATIN,INSOMNIA,4,2.82,1.02,7.77,SIMVASTATIN + INSOMNIA
ADCIRCA,HYPOTENSION,7,2.82,1.3,6.14,ADCIRCA + HYPOTENSION
CYMBALTA,MALAISE,4,2.82,1.01,7.86,CYMBALTA + MALAISE
ADVAIR,DYSPNOEA,7,2.81,1.26,6.25,ADVAIR + DYSPNOEA
ADCIRCA,COUGH,14,2.81,1.61,4.9,ADCIRCA + COUGH
CELEBREX,PAIN,4,2.81,1.01,7.81,CELEBREX + PAIN
FISH OIL,COUGH,4,2.81,1.02,7.77,FISH OIL + COUGH
NEXIUM,FATIGUE,7,2.81,1.27,6.2,NEXIUM + FATIGUE
XARELTO,ANAEMIA,5,2.8,1.12,6.98,XARELTO + ANAEMIA
CRESTOR,TYPE 2 DIABETES MELLITUS,8,2.8,1.33,5.89,CRESTOR + TYPE 2 DIABETES MELLITUS
TECFIDERA,VOMITING,12,2.79,1.53,5.08,TECFIDERA + VOMITING
REMODULIN,DIARRHOEA,8,2.79,1.34,5.8,REMODULIN + DIARRHOEA
FOLIC ACID,ASTHENIA,7,2.78,1.28,6.03,FOLIC ACID + ASTHENIA
OMEPRAZOLE,MUSCLE SPASMS,4,2.77,1.0,7.62,OMEPRAZOLE + MUSCLE SPASMS
LISINOPRIL,NAUSEA,11,2.76,1.47,5.17,LISINOPRIL + NAUSEA
ALLOPURINOL,WEIGHT INCREASED,5,2.76,1.11,6.85,ALLOPURINOL + WEIGHT INCREASED
DEPAKOTE,WEIGHT INCREASED,5,2.76,1.11,6.85,DEPAKOTE + WEIGHT INCREASED
ASPIRIN,EPISTAXIS,5,2.75,1.1,6.89,ASPIRIN + EPISTAXIS
TYVASO,PERIPHERAL SWELLING,5,2.74,1.1,6.81,TYVASO + PERIPHERAL SWELLING
JAKAFI,WRONG TECHNIQUE IN DRUG USAGE PROCESS,14,2.74,1.47,5.11,JAKAFI + WRONG TECHNIQUE IN DRUG USAGE PROCESS
MULTIVITAMIN,DIARRHOEA,5,2.73,1.09,6.87,MULTIVITAMIN + DIARRHOEA
LETAIRIS,CHEST DISCOMFORT,20,2.71,1.56,4.69,LETAIRIS + CHEST DISCOMFORT
LISINOPRIL,ABDOMINAL PAIN,5,2.7,1.09,6.7,LISINOPRIL + ABDOMINAL PAIN
HUMIRA,FALL,5,2.7,1.09,6.69,HUMIRA + FALL
TYVASO,OEDEMA,5,2.69,1.08,6.68,TYVASO + OEDEMA
WARFARIN,DYSPNOEA,12,2.69,1.46,4.95,WARFARIN + DYSPNOEA
XANAX,NAUSEA,5,2.66,1.06,6.68,XANAX + NAUSEA
NEXIUM,NAUSEA,5,2.66,1.06,6.68,NEXIUM + NAUSEA
TECFIDERA,FATIGUE,23,2.65,1.7,4.13,TECFIDERA + FATIGUE
SYNTHROID,ANAEMIA,7,2.65,1.22,5.75,SYNTHROID + ANAEMIA
LETAIRIS,INFLUENZA,27,2.64,1.65,4.23,LETAIRIS + INFLUENZA
GABAPENTIN,DIARRHOEA,6,2.64,1.14,6.12,GABAPENTIN + DIARRHOEA
SINGULAIR,FATIGUE,5,2.63,1.03,6.69,SINGULAIR + FATIGUE
ALLOPURINOL,DIARRHOEA,10,2.62,1.36,5.05,ALLOPURINOL + DIARRHOEA
LISINOPRIL,VOMITING,7,2.62,1.21,5.68,LISINOPRIL + VOMITING
JAKAFI,ASTHENIA,59,2.61,1.93,3.55,JAKAFI + ASTHENIA
OMEPRAZOLE,WEIGHT DECREASED,5,2.61,1.05,6.47,OMEPRAZOLE + WEIGHT DECREASED
LETAIRIS,DIZZINESS,120,2.6,2.08,3.27,LETAIRIS + DIZZINESS
FUROSEMIDE,FATIGUE,9,2.6,1.3,5.23,FUROSEMIDE + FATIGUE
LASIX,ANAEMIA,6,2.6,1.13,5.99,LASIX + ANAEMIA
METOPROLOL,HAEMOGLOBIN DECREASED,5,2.6,1.05,6.45,METOPROLOL + HAEMOGLOBIN DECREASED
CITALOPRAM,DIARRHOEA,5,2.6,1.04,6.51,CITALOPRAM + DIARRHOEA
CALCIUM,NAUSEA,6,2.59,1.12,6.02,CALCIUM + NAUSEA
ADCIRCA,DYSPNOEA,32,2.59,1.77,3.79,ADCIRCA + DYSPNOEA
JAKAFI,DIZZINESS,94,2.58,2.03,3.3,JAKAFI + DIZZINESS
ADCIRCA,INFLUENZA,5,2.56,1.03,6.39,ADCIRCA + INFLUENZA
ADCIRCA,SWELLING,5,2.56,1.03,6.39,ADCIRCA + SWELLING
PRILOSEC,HEADACHE,5,2.56,1.01,6.47,PRILOSEC + HEADACHE
LYRICA,DRUG HYPERSENSITIVITY,5,2.54,1.03,6.31,LYRICA + DRUG HYPERSENSITIVITY
TYSABRI,PAIN,7,2.54,1.17,5.52,TYSABRI + PAIN
ASPIRIN,WEIGHT INCREASED,10,2.53,1.32,4.87,ASPIRIN + WEIGHT INCREASED
JAKAFI,RHINORRHOEA,10,2.53,1.22,5.24,JAKAFI + RHINORRHOEA
OMEPRAZOLE,PNEUMONIA,5,2.53,1.02,6.27,OMEPRAZOLE + PNEUMONIA
AMLODIPINE,ANAEMIA,6,2.52,1.1,5.81,AMLODIPINE + ANAEMIA
XANAX,DRUG INEFFECTIVE,7,2.52,1.14,5.57,XANAX + DRUG INEFFECTIVE
VITAMIN D,FATIGUE,11,2.52,1.34,4.74,VITAMIN D + FATIGUE
JAKAFI,PAIN IN EXTREMITY,36,2.49,1.69,3.66,JAKAFI + PAIN IN EXTREMITY
OMEPRAZOLE,PAIN IN EXTREMITY,5,2.49,1.0,6.17,OMEPRAZOLE + PAIN IN EXTREMITY
CYMBALTA,DRUG INEFFECTIVE,6,2.48,1.06,5.83,CYMBALTA + DRUG INEFFECTIVE
PREDNISONE,ANAEMIA,7,2.48,1.14,5.36,PREDNISONE + ANAEMIA
DIANEAL LOW CALCIUM,PNEUMONIA,6,2.47,1.07,5.67,DIANEAL LOW CALCIUM + PNEUMONIA
LEVOTHYROXINE,FATIGUE,12,2.46,1.35,4.51,LEVOTHYROXINE + FATIGUE
JAKAFI,DYSPNOEA EXERTIONAL,9,2.46,1.14,5.28,JAKAFI + DYSPNOEA EXERTIONAL
VITAMIN D,NAUSEA,8,2.44,1.18,5.06,VITAMIN D + NAUSEA
ASPIRIN,PAIN IN EXTREMITY,9,2.43,1.23,4.84,ASPIRIN + PAIN IN EXTREMITY
LETAIRIS,WHEEZING,11,2.43,1.18,5.02,LETAIRIS + WHEEZING
LASIX,NAUSEA,8,2.42,1.17,5.01,LASIX + NAUSEA
SYNTHROID,HEADACHE,11,2.38,1.27,4.46,SYNTHROID + HEADACHE
WARFARIN,NAUSEA,7,2.37,1.09,5.17,WARFARIN + NAUSEA
OMEPRAZOLE,FATIGUE,15,2.36,1.37,4.05,OMEPRAZOLE + FATIGUE
REVATIO,HEADACHE,18,2.35,1.43,3.85,REVATIO + HEADACHE
LETAIRIS,HYPOTENSION,32,2.34,1.53,3.57,LETAIRIS + HYPOTENSION
LETAIRIS,HEADACHE,126,2.3,1.85,2.86,LETAIRIS + HEADACHE
TECFIDERA,ABDOMINAL PAIN,7,2.3,1.06,4.98,TECFIDERA + ABDOMINAL PAIN
TYSABRI,MALAISE,7,2.27,1.05,4.92,TYSABRI + MALAISE
GABAPENTIN,DRUG INEFFECTIVE,8,2.26,1.08,4.72,GABAPENTIN + DRUG INEFFECTIVE
METOPROLOL,DIARRHOEA,8,2.26,1.09,4.66,METOPROLOL + DIARRHOEA
AVONEX,MALAISE,8,2.24,1.09,4.63,AVONEX + MALAISE
LASIX,FATIGUE,10,2.24,1.16,4.32,LASIX + FATIGUE
LETAIRIS,CARDIAC FAILURE CONGESTIVE,11,2.23,1.09,4.55,LETAIRIS + CARDIAC FAILURE CONGESTIVE
ENBREL,HEADACHE,7,2.22,1.02,4.85,ENBREL + HEADACHE
JAKAFI,DECREASED APPETITE,26,2.21,1.41,3.45,JAKAFI + DECREASED APPETITE
LETAIRIS,MALAISE,87,2.2,1.7,2.84,LETAIRIS + MALAISE
JAKAFI,ALOPECIA,17,2.2,1.27,3.81,JAKAFI + ALOPECIA
METFORMIN,DIARRHOEA,8,2.2,1.06,4.54,METFORMIN + DIARRHOEA
ASPIRIN,PYREXIA,10,2.18,1.14,4.17,ASPIRIN + PYREXIA
AVONEX,PAIN,7,2.17,1.0,4.7,AVONEX + PAIN
ADCIRCA,DIZZINESS,19,2.16,1.34,3.48,ADCIRCA + DIZZINESS
JAKAFI,HYPOAESTHESIA,21,2.15,1.31,3.52,JAKAFI + HYPOAESTHESIA
FOLIC ACID,HEADACHE,10,2.14,1.11,4.12,FOLIC ACID + HEADACHE
JAKAFI,ABDOMINAL DISCOMFORT,15,2.14,1.19,3.83,JAKAFI + ABDOMINAL DISCOMFORT
OMEPRAZOLE,DIZZINESS,11,2.14,1.15,3.98,OMEPRAZOLE + DIZZINESS
ASPIRIN,DIARRHOEA,18,2.12,1.3,3.46,ASPIRIN + DIARRHOEA
TECFIDERA,HEADACHE,17,2.1,1.26,3.48,TECFIDERA + HEADACHE
TYSABRI,HEADACHE,9,2.07,1.04,4.12,TYSABRI + HEADACHE
JAKAFI,ABDOMINAL PAIN,34,2.06,1.4,3.03,JAKAFI + ABDOMINAL PAIN
LETAIRIS,RHINORRHOEA,11,2.05,1.01,4.16,LETAIRIS + RHINORRHOEA
JAKAFI,HEADACHE,89,2.0,1.57,2.55,JAKAFI + HEADACHE
LISINOPRIL,HEADACHE,10,2.0,1.04,3.84,LISINOPRIL + HEADACHE
JAKAFI,BACK PAIN,23,2.0,1.25,3.19,JAKAFI + BACK PAIN
LISINOPRIL,FATIGUE,11,1.99,1.06,3.71,LISINOPRIL + FATIGUE
ASPIRIN,DIZZINESS,19,1.98,1.23,3.2,ASPIRIN + DIZZINESS
LETAIRIS,HEART RATE INCREASED,16,1.94,1.09,3.48,LETAIRIS + HEART RATE INCREASED
JAKAFI,INSOMNIA,30,1.93,1.28,2.9,JAKAFI + INSOMNIA
ASPIRIN,HEADACHE,21,1.93,1.22,3.04,ASPIRIN + HEADACHE
LIPITOR,DRUG HYPERSENSITIVITY,12,1.87,1.02,3.42,LIPITOR + DRUG HYPERSENSITIVITY
ASPIRIN,NAUSEA,16,1.77,1.06,2.97,ASPIRIN + NAUSEA
JAKAFI,RASH,31,1.65,1.11,2.45,JAKAFI + RASH
JAKAFI,NAUSEA,62,1.61,1.22,2.14,JAKAFI + NAUSEA
LETAIRIS,FATIGUE,109,1.6,1.28,2.0,LETAIRIS + FATIGUE
